         w __deregister_frame_info
         w __register_frame_info
         w userAppExit
         w userAppInit
00000000 00000802 B __ctru_dev_utf16_buf
00000000 a shift
00000000 a shift
00000000 A __sync_synchronize
00000000 b _TLS_MODULE_BASE_
00000804 00000401 B __ctru_dev_path_buf
00100000 A __start__
00100000 T _start
00100008 T __service_ptr
0010000c T __apt_appid
00100010 T __heap_size
00100014 T __linear_heap_size
00100018 T __system_arglist
0010001c T __system_runflags
00100020 t startup
00100058 t ClearMem
0010006c t ClrLoop
00100094 T _init
001000ac T __aeabi_uidiv
001000ac 000001ec T __udivsi3
001000ac t .udivsi3_skip_div0_test
00100298 00000020 T __aeabi_uidivmod
001002b8 T __aeabi_idiv
001002b8 00000220 T __divsi3
001002c0 t .divsi3_skip_div0_test
001004d8 00000020 T __aeabi_idivmod
001004f8 00000004 W __aeabi_idiv0
001004f8 00000004 W __aeabi_ldiv0
001004fc T __aeabi_drsub
00100504 000002b0 T __aeabi_dsub
00100504 000002b0 T __subdf3
00100508 000002ac T __adddf3
00100508 000002ac T __aeabi_dadd
001007b4 00000024 T __aeabi_ui2d
001007b4 00000024 T __floatunsidf
001007d8 00000028 T __aeabi_i2d
001007d8 00000028 T __floatsidf
00100800 00000048 T __aeabi_f2d
00100800 00000048 T __extendsfdf2
00100848 00000074 T __aeabi_ul2d
00100848 00000074 T __floatundidf
0010085c 00000060 T __aeabi_l2d
0010085c 00000060 T __floatdidf
001008bc T __aeabi_ldivmod
00100990 T __aeabi_uldivmod
001009e8 00000390 T strcmp
00100d70 t __do_global_dtors_aux
00100dc0 t frame_dummy
00100dec 0000007c t write_cb
00100e68 00000398 t xml_attr
00101200 00000130 t http_get.constprop.0
00101330 00000084 T api_init
001013b4 00000024 T api_cleanup
001013d8 0000019c T api_ping
00101574 000001e0 T api_get_artists
00101754 00000224 T api_get_albums
00101978 00000240 T api_get_tracks
00101bb8 00000074 T api_stream_url
00101c2c 0000009c t drmp3_bs_get_bits
00101cc8 00000344 t drmp3_L3_read_side_info
0010200c 00000144 t drmp3_L3_dct3_9
00102150 0000017c t drmp3_L3_imdct36
001022cc 00000100 t drmp3_L3_imdct12
001023cc 000001b0 t drmp3d_synth_pair
0010257c 00000044 t drmp3__on_meta
001025c0 000009e8 t drmp3d_synth_granule
00102fa8 000000ac t drmp3__realloc_from_callbacks
00103054 000000a0 t drmp3__on_read
001030f4 000000a0 t drmp3__on_read_clamped
00103194 000000b0 t drmp3__on_seek_memory
00103244 000000b8 t drmp3__on_read_memory
001032fc 00000004 t drmp3__free_default
00103300 00000004 t drmp3__realloc_default
00103304 00000004 t drmp3__malloc_default
00103308 00000010 t drmp3__on_read_stdio
00103318 0000006c t drmp3__on_tell_memory
00103384 0000013c t audio_stop.part.0
001034c0 000000b8 t drmp3_hdr_frame_bytes
00103578 00000090 t drmp3_hdr_compare
00103608 00000038 t osGetMemRegionSize
00103640 00002248 T drmp3dec_decode_frame
00105888 000003c8 t drmp3_decode_next_frame_ex
00105c50 000002a8 t drmp3_read_pcm_frames_raw.part.0
00105ef8 000000a8 T drmp3_uninit
00105fa0 00000050 T drmp3_malloc
00105ff0 00000028 T drmp3_free
00106018 00000a28 t drmp3_init_internal
00106a40 000000cc T drmp3_init_memory_with_metadata
00106b0c 000005b4 t audio_thread
001070c0 0000009c T audio_init
0010715c 0000005c T audio_cleanup
001071b8 00000184 T audio_play_url
0010733c 00000018 T audio_stop
00107354 0000002c T audio_toggle_pause
00107380 00000010 T audio_is_playing
00107390 00000010 T audio_is_paused
001073a0 00000088 T audio_set_volume
00107428 00000010 T audio_get_volume
00107438 00000088 T config_defaults
001074c0 00000268 T config_load
00107728 0000021c T config_save
00107944 0000007c t write_str
001079c0 00000124 T debug_init
00107ae4 0000009c T debug_log
00107b80 00000034 T debug_cleanup
00107bb4 00000010 t s_apt_hook
00107bc4 00000038 t osGetMemRegionSize
00107bfc 00000054 t osGetMemRegionFree.constprop.0
00107c50 00000a6c T main
001086bc 00000160 t cache_get_or_create
0010881c 00000324 t draw_text.part.0
00108b40 00000028 t C2D_SceneBegin
00108b68 00000290 t draw_list.constprop.0
00108df8 00000750 T ui_draw
00109548 00000354 T ui_handle_input
0010989c 000000d4 T ui_init
00109970 00000080 T ui_cleanup
001099f0 00000044 t C2Di_FrameEndHook
00109a34 00000368 T C2D_Init
00109d9c 0000004c T C2D_Fini
00109de8 000000bc T C2D_Prepare
00109ea4 00000048 T C2D_Flush
00109eec 000000fc T C2D_SceneSize
00109fe8 00000060 T C2D_CreateScreenTarget
0010a048 00000060 T C2D_TargetClear
0010a0a8 00000054 T C2Di_AppendQuad
0010a0fc 00000040 T C2Di_AppendVtx
0010a13c 00000738 T C2Di_Update
0010a874 00000168 T C2D_DrawRectangle
0010a9dc 00000040 T C2D_FontFree
0010aa1c 000000f8 t C2Di_PostLoadFont
0010ab14 000000b8 T C2D_FontLoadFromHandle
0010abcc 00000048 T C2D_FontLoad
0010ac14 000001b4 T C2D_FontLoadSystem
0010adc8 00000050 T C2D_FontGlyphIndexFromCodePoint
0010ae18 00000074 T C2D_FontCalcGlyphPos
0010ae8c 00000018 t C2Di_GlyphComp
0010aea4 00000180 t C2Di_CalcLineWidths
0010b024 000001d0 T C2D_TextBufNew
0010b1f4 00000004 T C2D_TextBufDelete
0010b1f8 000001c4 T C2D_TextFontParseLine
0010b3bc 000000a4 T C2D_TextFontParse
0010b460 00000010 T C2D_TextParse
0010b470 00000030 T C2D_TextOptimize
0010b4a0 000000e8 T C2D_TextGetDimensions
0010b588 00000fdc T C2D_DrawText
0010c564 00000028 T AttrInfo_Init
0010c58c 00000094 T AttrInfo_AddLoader
0010c620 00000054 T C3D_SetAttrInfo
0010c674 00000080 T C3Di_AttrInfoBind
0010c6f4 00000004 W C3Di_LightEnvUpdate
0010c6f8 00000004 W C3Di_LightEnvDirty
0010c6fc 000000b4 t C3Di_AptEventHook
0010c7b0 00000004 W C3Di_GasUpdate
0010c7b4 000001d0 T C3D_Init
0010c984 00000098 T C3D_SetViewport
0010ca1c 000004e8 T C3Di_UpdateContext
0010cf04 000000e0 T C3Di_SplitFrame
0010cfe4 00000044 T C3D_Fini
0010d028 00000194 T C3D_BindProgram
0010d1bc 00000024 T BufInfo_Init
0010d1e0 00000080 T BufInfo_Add
0010d260 0000003c T C3D_SetBufInfo
0010d29c 00000048 T C3Di_BufInfoBind
0010d2e4 0000021c T C3D_DrawElements
0010d500 00000040 T C3D_DepthMap
0010d540 0000001c T C3D_CullFace
0010d55c 00000040 T C3D_StencilTest
0010d59c 00000024 T C3D_StencilOp
0010d5c0 0000001c T C3D_BlendingColor
0010d5dc 00000024 T C3D_EarlyDepthTest
0010d600 0000002c T C3D_DepthTest
0010d62c 0000002c T C3D_AlphaTest
0010d658 00000050 T C3D_AlphaBlend
0010d6a8 00000030 T C3D_FragOpMode
0010d6d8 00000044 T C3D_FragOpShadow
0010d71c 000001ac T C3Di_EffectBind
0010d8c8 0000001c T C3D_CalcColorBufSize
0010d8e4 0000001c T C3D_CalcDepthBufSize
0010d900 00000044 T C3D_SetFrameBuf
0010d944 0000016c T C3Di_FrameBufBind
0010dab0 000000c8 T C3D_FrameBufClear
0010db78 00000044 T C3D_FrameBufTransfer
0010dbbc 000000a8 T C3D_ImmSendAttrib
0010dc64 00000070 T C3D_ProcTexInit
0010dcd4 00000054 T C3D_ProcTexBind
0010dd28 0000005c T C3D_ProcTexLutBind
0010dd84 000000a4 T ProcTexLut_FromArray
0010de28 00000178 T C3Di_ProcTexUpdate
0010dfa0 00000068 T C3Di_ProcTexDirty
0010e008 0000004c t onVBlank0
0010e054 0000004c t onVBlank1
0010e0a0 00000080 t C3Di_RenderTargetDestroy
0010e120 000000f4 t onQueueFinish
0010e214 00000038 T C3Di_RenderQueueEnableVBlank
0010e24c 00000030 T C3Di_RenderQueueDisableVBlank
0010e27c 00000060 T C3Di_RenderQueueInit
0010e2dc 000000b4 T C3Di_RenderQueueExit
0010e390 00000034 T C3Di_RenderQueueWaitDone
0010e3c4 000000e8 T C3D_FrameBegin
0010e4ac 00000048 T C3D_FrameDrawOn
0010e4f4 00000058 T C3D_FrameSplit
0010e54c 000001d0 T C3D_FrameEnd
0010e71c 0000001c T C3D_FrameEndHook
0010e738 00000170 T C3D_RenderTargetCreate
0010e8a8 000000a8 T C3D_RenderTargetSetOutput
0010e950 00000034 T C3D_GetTexEnv
0010e984 00000024 T C3Di_TexEnvBind
0010e9a8 00000044 T C3D_TexBind
0010e9ec 0000014c T C3Di_SetTex
0010eb38 00000290 T C3D_UpdateUniforms
0010edc8 000000c0 T C3Di_DirtyUniforms
0010ee88 000000d8 T C3Di_LoadShaderUniforms
0010ef60 00000028 T C3Di_ClearShaderUniforms
0010ef88 000000cc T Mtx_Ortho
0010f054 000000cc T Mtx_OrthoTilt
0010f120 000000c0 t global_init
0010f1e0 0000005c T curl_global_init
0010f23c 00000084 T curl_global_cleanup
0010f2c0 000000a8 T curl_easy_init
0010f368 00000154 T curl_easy_perform
0010f4bc 00000040 T curl_easy_cleanup
0010f4fc 00000030 T curl_easy_getinfo
0010f530 000000d4 T Curl_initinfo
0010f608 00000ac0 T Curl_getinfo
001100c8 000000ac t hsts_create
00110174 000000e8 t hsts_pull
0011025c 00000034 T Curl_hsts_init
00110290 00000074 T Curl_hsts_cleanup
00110304 00000158 T Curl_hsts
00110460 000002b4 T Curl_hsts_parse
00110714 000000fc t hsts_add.isra.0
00110810 00000110 t hsts_load
00110920 00000360 T Curl_hsts_save
00110c80 00000014 T Curl_hsts_loadcb
00110c94 00000048 T Curl_hsts_loadfiles
00110cdc 00000074 T Curl_input_digest
00110d50 000001b4 T Curl_output_digest
00110f04 0000001c T Curl_http_auth_cleanup_digest
00110f20 00000018 T Curl_llist_init
00110f38 00000070 T Curl_llist_insert_next
00110fa8 00000094 T Curl_llist_remove
0011103c 000000b0 T Curl_llist_destroy
001110ec 00000008 T Curl_llist_count
001110f4 00000070 t mime_mem_seek
00111164 00000028 t mime_mem_free
0011118c 00000078 t mime_mem_read
00111204 00000040 t mime_file_free
00111244 0000005c t content_type_match
001112a0 000000e4 t escape_string
00111384 00000068 t mime_file_read
001113ec 00000074 t mime_file_seek
00111460 00000074 t search_header
001114d4 0000011c t mime_subparts_seek
001115f0 00000070 t mime_subparts_unbind
00111660 000000e4 t Curl_mime_cleanpart.part.0
00111744 000000b8 t curl_mime_free.part.0
00111800 00000070 t mime_subparts_free
00111870 0000034c t read_part_content.part.0
00111bbc 000004cc t readback_part
00112088 0000000c T Curl_mime_cleanpart
00112094 00000090 T curl_mime_init
00112124 00000020 T Curl_mime_initpart
00112144 00000068 T curl_mime_addpart
001121ac 0000006c T curl_mime_name
00112218 0000006c T curl_mime_filename
00112284 000001b8 t curl_mime_filedata.part.0
0011243c 0000013c T curl_mime_data
00112578 0000009c T curl_mime_filedata
00112614 0000006c T curl_mime_type
00112680 00000064 T curl_mime_headers
001126e4 000000c0 T curl_mime_data_cb
001127a4 0000012c T Curl_mime_set_subparts
001128d0 00000118 T curl_mime_subparts
001129e8 00000040 T Curl_mime_read
00112a28 000000a8 T Curl_mime_rewind
00112ad0 000001d4 T Curl_mime_size
00112ca4 0000007c T Curl_mime_add_header
00112d20 00000078 T Curl_mime_contenttype
00112d98 00000568 T Curl_mime_prepare_headers
00113300 00000030 t addbyter
00113330 0000003c t alloc_addbyter
0011336c 00000074 T curl_msnprintf
001133e0 00001658 t dprintf_formatf
00114a38 0000005c T curl_mvsnprintf
00114a94 0000005c T Curl_dyn_vprintf
00114af0 000000a0 T curl_mvaprintf
00114b90 0000002c T curl_maprintf
00114bbc 00000034 T curl_mfprintf
00114bf0 00000018 t trhash
00114c08 00000018 t trhash_compare
00114c20 00000004 t trhash_dtor
00114c24 00000010 t sh_freeentry
00114c34 00000018 t fd_key_compare
00114c4c 00000018 t hash_fd
00114c64 0000002c t before_perform
00114c90 000000b0 t multi_getsock
00114d40 000004bc t singlesocket
001151fc 00000054 t close_connect_only
00115250 000000c4 t multi_timeout
00115314 000000e4 t add_next_timeout.isra.0
001153f8 000003cc t multi_wait.part.0
001157c4 00000150 T Curl_multi_handle
00115914 00000010 T Curl_multiplex_wanted
00115924 0000003c T Curl_detach_connection
00115960 00000058 T Curl_attach_connection
001159b8 0000006c T curl_multi_poll
00115a24 00000010 T Curl_multi_connchanged
00115a34 00000048 T Curl_preconnect
00115a7c 00000084 T curl_multi_info_read
00115b00 000000dc T Curl_multi_closed
00115bdc 00000224 T curl_multi_setopt
00115e00 00000138 T Curl_update_timer
00115f38 00000240 T Curl_expire
00116178 00000200 t curl_multi_add_handle.part.0
00116378 00000060 T curl_multi_add_handle
001163d8 0000009c t process_pending_handles
00116474 0000034c t multi_done
001167c0 0000016c t multi_handle_timeout
0011692c 00000160 T curl_multi_cleanup
00116a8c 00001824 t multi_runsingle
001182b0 000000f0 T curl_multi_perform
001183a0 00000040 T Curl_expire_done
001183e0 000000a8 T Curl_expire_clear
00118488 00000044 t init_completed
001184cc 00000298 T curl_multi_remove_handle
00118764 0000000c T Curl_multi_max_host_connections
00118770 0000000c T Curl_multi_max_total_connections
0011877c 0000003c T Curl_set_in_callback
001187b8 00000038 T Curl_is_in_callback
001187f0 000006f0 t parsedate.constprop.0
00118ee0 00000058 T Curl_getdate_capped
00118f38 0000002c T Curl_gmtime
00118f64 00000248 t time2str
001191b0 00000268 t max5data
00119418 00000030 T Curl_pgrsResetTransferSizes
00119448 0000017c T Curl_pgrsTimeWas
001195c4 00000040 T Curl_pgrsTime
00119604 00000134 T Curl_pgrsLimitWaitTime
00119738 00000060 T Curl_pgrsSetDownloadCounter
00119798 000000f4 T Curl_ratelimit
00119890 000000b0 T Curl_pgrsStartNow
00119940 0000000c T Curl_pgrsSetUploadCounter
0011994c 00000028 T Curl_pgrsSetDownloadSize
00119974 00000028 T Curl_pgrsSetUploadSize
001199a0 00000c2c T Curl_pgrsUpdate
0011a5d0 00000064 T Curl_pgrsDone
0011a634 000000c4 t randit.part.0
0011a6f8 00000080 T Curl_rand
0011a778 00000078 T Curl_rand_hex
0011a7f0 000000b8 T Curl_rand_alnum
0011a8a8 00000014 T Curl_rename
0011a8bc 00000078 T Curl_wait_ms
0011a934 000000f0 T Curl_poll
0011aa24 00000194 T Curl_socket_check
0011abb8 00000008 t client_cew_init
0011abc0 00000004 t client_cew_close
0011abc4 0000010c t pausewrite
0011acd0 00000278 t chop_write
0011af48 0000003c t client_cew_write
0011af84 00000068 T Curl_nwrite
0011afec 00000080 T Curl_write
0011b06c 000001e0 T Curl_client_write
0011b24c 0000008c T Curl_client_cleanup
0011b2d8 00000084 T Curl_client_create_writer
0011b35c 00000030 T Curl_client_free_writer
0011b38c 000000ec T Curl_client_add_writer
0011b478 00000070 T Curl_read
0011b4e8 000000e0 t setstropt_userpwd
0011b5c8 000000d0 t protocol2num
0011b698 00000080 T Curl_setstropt
0011b718 000000b0 T Curl_setblobopt
0011b7c8 00002ef4 T Curl_vsetopt
0011e6bc 00000038 T curl_easy_setopt
0011e6f4 00000044 T Curl_share_lock
0011e738 00000044 T Curl_share_unlock
0011e77c 0000005c T Curl_slist_append_nodup
0011e7d8 00000090 T curl_slist_append
0011e868 00000048 T curl_slist_free_all
0011e8b0 00000018 T Curl_speedinit
0011e8c8 00000118 T Curl_speedcheck
0011e9e0 00000170 T Curl_splay
0011eb50 000000fc T Curl_splayinsert
0011ec4c 000000d8 T Curl_splaygetbest
0011ed24 000000f0 T Curl_splayremove
0011ee14 00000010 T Curl_raw_toupper
0011ee24 00000010 T Curl_raw_tolower
0011ee34 00000098 T curl_strequal
0011eecc 000000bc T curl_strnequal
0011ef88 0000003c T Curl_strntoupper
0011efc4 0000003c T Curl_strntolower
0011f000 00000034 T Curl_safecmp
0011f034 00000058 T Curl_timestrcmp
0011f08c 0000003c T Curl_memdup
0011f0c8 00000054 T Curl_saferealloc
0011f11c 000000d4 T curlx_strtoofft
0011f1f0 00000068 T Curl_now
0011f258 000000dc T Curl_timediff
0011f334 000000e0 T Curl_timediff_ceil
0011f414 000000e0 T Curl_timediff_us
0011f4f4 00000078 t trailers_read
0011f56c 00000058 T Curl_checkheaders
0011f5c4 00000044 T Curl_get_upload_buffer
0011f608 000004ac T Curl_fillreadbuffer
0011fab4 000000a0 T Curl_meets_timecondition
0011fb54 0000001c T Curl_done_sending
0011fb70 0000125c T Curl_readwrite
00120dcc 00000090 T Curl_single_getsock
00120e5c 00000034 T Curl_init_CONNECT
00120e90 0000042c T Curl_pretransfer
001212bc 00000008 T Curl_posttransfer
001212c4 00000688 T Curl_follow
0012194c 000001b4 T Curl_retry_request
00121b00 00000248 T Curl_setup_transfer
00121d48 000000a4 t up_free
00121dec 00000158 t conn_free
00121f44 000000e0 t setup_range
00122024 000004ac t parse_proxy
001224d0 000001d0 t extract_if_dead
001226a0 00000028 t call_extract_if_dead
001226c8 000000c4 T Curl_freeset
00122790 00000208 T Curl_init_userdefined
00122998 000000c4 T Curl_open
00122a5c 000000e0 T Curl_disconnect
00122b3c 00000068 T Curl_verboseconnect
00122ba4 00000068 T Curl_builtin_scheme
00122c0c 00000020 T Curl_uc_to_curlcode
00122c2c 00000060 T Curl_free_request_state
00122c8c 00000370 T Curl_close
00122ffc 00000384 T Curl_parse_login_details
00123380 000000c0 T Curl_setup_conn
00123440 000000d8 T Curl_init_do
00123518 00002cec T Curl_connect
00126204 0000008c t free_urlhandle
00126290 000001bc t ipv6_parse
0012644c 000001a4 t urlencode_str
001265f0 000005cc t parse_authority
00126bbc 000000f8 T Curl_is_absolute_url
00126cb4 000009a8 t parseurl_and_replace
0012765c 00000018 T curl_url
00127674 00000028 T curl_url_cleanup
0012769c 000001cc T curl_url_dup
00127868 00000788 T curl_url_get
00127ff0 00000b94 T curl_url_set
00128b84 00000008 T curlx_ultous
00128b8c 00000008 T curlx_ultouc
00128b94 00000008 T curlx_uztosi
00128b9c 00000004 T curlx_uztoui
00128ba0 00000008 T curlx_sltosi
00128ba8 00000004 T curlx_sltoui
00128bac 00000008 T curlx_sltous
00128bb4 00000008 T curlx_uztosz
00128bbc 00000004 T curlx_sotouz
00128bc0 00000008 T curlx_uitous
00128bc8 00000098 t auth_digest_string_quoted
00128c60 0000003c t auth_digest_sha256_to_ascii
00128c9c 0000003c t auth_digest_md5_to_ascii
00128cd8 00000558 t auth_create_digest_http_message
00129230 0000012c T Curl_auth_digest_get_pair
0012935c 00000008 T Curl_auth_is_digest_supported
00129364 0000078c T Curl_auth_create_digest_md5_message
00129af0 00000068 T Curl_auth_create_digest_http_message
00129b58 00000088 T Curl_auth_digest_cleanup
00129be0 00000528 T Curl_auth_decode_digest_http_message
0012a108 0000005c T Curl_auth_build_spn
0012a164 00000084 T Curl_auth_allowed_to_host
0012a1e8 00000004 T Curl_none_cleanup
0012a1ec 00000008 T Curl_none_shutdown
0012a1f4 00000008 T Curl_none_check_cxn
0012a1fc 00000008 T Curl_none_random
0012a204 00000004 T Curl_none_close_all
0012a208 00000008 T Curl_none_data_pending
0012a210 00000008 T Curl_none_cert_status_request
0012a218 00000008 T Curl_none_set_engine
0012a220 00000008 T Curl_none_set_engine_default
0012a228 00000008 T Curl_none_engines_list
0012a230 00000054 t ssl_cf_data_pending
0012a284 0000004c t ssl_cf_send
0012a2d0 00000084 t ssl_cf_cntrl
0012a354 00000070 t ssl_cf_query
0012a3c4 00000084 t cf_ssl_is_alive
0012a448 00000064 t blobdup
0012a4ac 00000174 t multissl_version
0012a620 000000ac t ssl_cf_recv
0012a6cc 00000050 t ssl_prefs_check
0012a71c 0000006c t ssl_cf_get_select_socks
0012a788 000000d0 t multissl_setup.part.0
0012a858 00000074 t multissl_send_plain
0012a8cc 00000074 t multissl_recv_plain
0012a940 00000050 t multissl_close
0012a990 00000058 t multissl_get_internals
0012a9e8 00000060 t multissl_get_select_socks
0012aa48 00000060 t multissl_connect_nonblocking
0012aaa8 00000058 t multissl_connect
0012ab00 00000048 t multissl_init
0012ab48 00000060 t Curl_ssl_free_certinfo.part.0
0012aba8 00000078 t cf_ctx_new.isra.0
0012ac20 00000008 T Curl_none_false_start
0012ac28 00000004 T Curl_none_session_free
0012ac2c 000000b4 t cf_ssl_create.isra.0
0012ace0 000000a4 t ssl_cf_close
0012ad84 000000a0 t ssl_cf_destroy
0012ae24 00000374 t ssl_cf_connect
0012b198 000001cc T Curl_ssl_config_matches
0012b364 00000268 T Curl_clone_primary_ssl_config
0012b5cc 000000d8 T Curl_free_primary_ssl_config
0012b6a4 00000034 T Curl_ssl_backend
0012b6d8 00000038 T Curl_ssl_init
0012b710 00000038 T Curl_ssl_cleanup
0012b748 00000024 T Curl_ssl_sessionid_lock
0012b76c 00000020 T Curl_ssl_sessionid_unlock
0012b78c 000001c4 T Curl_ssl_getsessionid
0012b950 00000068 T Curl_ssl_kill_session
0012b9b8 00000038 T Curl_ssl_delsessionid
0012b9f0 00000234 T Curl_ssl_addsessionid
0012bc24 00000020 T Curl_free_multi_ssl_backend_data
0012bc44 00000094 T Curl_ssl_close_all
0012bcd8 00000044 T Curl_ssl_get_select_socks
0012bd1c 00000014 T Curl_ssl_set_engine
0012bd30 00000014 T Curl_ssl_set_engine_default
0012bd44 00000014 T Curl_ssl_engines_list
0012bd58 00000058 T Curl_ssl_initsessions
0012bdb0 00000010 T Curl_ssl_free_certinfo
0012bdc0 00000014 T Curl_ssl_random
0012bdd4 00000070 T Curl_ssl_snihost
0012be44 000004a0 T Curl_pin_peer_pubkey
0012c2e4 00000014 T Curl_ssl_cert_status_request
0012c2f8 00000014 T Curl_ssl_false_start
0012c30c 00000058 T Curl_ssl_cfilter_add
0012c364 00000048 T Curl_cf_ssl_insert_after
0012c3ac 000000a0 T Curl_cf_ssl_proxy_insert_after
0012c44c 00000020 T Curl_ssl_supports
0012c46c 0000008c T Curl_ssl_get_internals
0012c4f8 00000098 T Curl_ssl_cfilter_remove
0012c590 0000001c T Curl_ssl_cf_is_proxy
0012c5ac 00000020 T Curl_ssl_cf_get_config
0012c5cc 00000020 T Curl_ssl_cf_get_primary_config
0012c5ec 00000154 t altsvc_createid
0012c740 000000c0 t getalnum
0012c800 00000060 t hostcompare
0012c860 00000064 t alpn2alpnid
0012c8c4 00000104 t altsvc_add.isra.0
0012c9c8 000000ac t altsvc_flush
0012ca74 00000024 T Curl_alpnid2str
0012ca98 00000040 T Curl_altsvc_init
0012cad8 0000011c T Curl_altsvc_load
0012cbf4 00000018 T Curl_altsvc_ctrl
0012cc0c 00000080 T Curl_altsvc_cleanup
0012cc8c 00000214 T Curl_altsvc_save
0012cea0 00000730 T Curl_altsvc_parse
0012d5d0 000000f8 T Curl_altsvc_lookup
0012d6c8 0000019c t base64_encode
0012d864 000001c0 T Curl_base64_decode
0012da24 0000003c T Curl_base64_encode
0012da60 00000014 T Curl_bufref_init
0012da74 00000038 T Curl_bufref_free
0012daac 00000040 T Curl_bufref_set
0012daec 00000008 T Curl_bufref_ptr
0012daf4 00000008 T Curl_bufref_len
0012dafc 00000098 T Curl_bufref_memdup
0012db94 00000008 T Curl_cf_def_cntrl
0012db9c 000000f8 t conn_report_connect_stats.isra.0
0012dc94 000000c0 t cf_cntrl_all.constprop.0
0012dd54 00000058 T Curl_cf_def_get_host
0012ddac 00000018 T Curl_cf_def_get_select_socks
0012ddc4 00000018 T Curl_cf_def_data_pending
0012dddc 00000034 T Curl_cf_def_send
0012de10 00000034 T Curl_cf_def_recv
0012de44 00000018 T Curl_cf_def_conn_is_alive
0012de5c 00000018 T Curl_cf_def_conn_keep_alive
0012de74 00000034 T Curl_cf_def_query
0012dea8 0000005c T Curl_conn_cf_discard_chain
0012df04 00000014 T Curl_conn_cf_discard_all
0012df18 00000028 T Curl_conn_close
0012df40 00000078 T Curl_conn_recv
0012dfb8 00000078 T Curl_conn_send
0012e030 00000044 T Curl_cf_create
0012e074 00000054 T Curl_conn_cf_add
0012e0c8 0000002c T Curl_conn_cf_insert_after
0012e0f4 000000a8 T Curl_conn_cf_discard_sub
0012e19c 00000028 T Curl_conn_cf_connect
0012e1c4 00000014 T Curl_conn_cf_close
0012e1d8 00000014 T Curl_conn_cf_get_select_socks
0012e1ec 00000038 T Curl_conn_cf_send
0012e224 00000038 T Curl_conn_cf_recv
0012e25c 000000e0 T Curl_conn_connect
0012e33c 00000018 T Curl_conn_is_connected
0012e354 00000050 T Curl_conn_is_ip_connected
0012e3a4 00000040 T Curl_conn_cf_is_ssl
0012e3e4 00000050 T Curl_conn_is_ssl
0012e434 00000050 T Curl_conn_is_multiplex
0012e484 0000004c T Curl_conn_data_pending
0012e4d0 00000058 T Curl_conn_get_select_socks
0012e528 00000060 T Curl_conn_get_host
0012e588 00000088 T Curl_conn_cf_cntrl
0012e610 00000050 T Curl_conn_cf_get_socket
0012e660 00000074 T Curl_conn_get_socket
0012e6d4 00000024 T Curl_conn_ev_data_attach
0012e6f8 00000024 T Curl_conn_ev_data_detach
0012e71c 00000028 T Curl_conn_ev_data_setup
0012e744 00000028 T Curl_conn_ev_data_idle
0012e76c 0000002c T Curl_conn_ev_data_done_send
0012e798 00000028 T Curl_conn_ev_data_done
0012e7c0 00000028 T Curl_conn_ev_data_pause
0012e7e8 00000030 T Curl_conn_ev_update_info
0012e818 00000038 T Curl_conn_is_alive
0012e850 00000010 t free_bundle_hash_entry
0012e860 0000006c t hashkey.constprop.0
0012e8cc 0000006c T Curl_conncache_init
0012e938 0000000c T Curl_conncache_destroy
0012e944 00000058 T Curl_conncache_size
0012e99c 00000060 T Curl_conncache_find_bundle
0012e9fc 00000124 T Curl_conncache_add_conn
0012eb20 00000148 T Curl_conncache_remove_conn
0012ec68 000000d8 T Curl_conncache_foreach
0012ed40 00000104 T Curl_conncache_extract_bundle
0012ee44 00000180 T Curl_conncache_extract_oldest
0012efc4 000000f0 T Curl_conncache_return_conn
0012f0b4 000000ec T Curl_conncache_close_all_connections
0012f1a0 0000002c t conn_is_conn
0012f1cc 000000e0 t eyeballer_new
0012f2ac 00000070 t cf_he_data_pending
0012f31c 0000005c t cf_setup_destroy
0012f378 000000ac t cf_he_get_select_socks
0012f424 00000088 t cf_setup_close
0012f4ac 000000a0 t cf_setup_create.isra.0
0012f54c 00000404 t cf_setup_connect
0012f950 000000e0 t get_max_baller_time.isra.0
0012fa30 00000160 t cf_he_query
0012fb90 0000009c t cf_he_ctx_clear.isra.0
0012fc2c 00000098 t cf_he_close
0012fcc4 00000074 t cf_he_destroy
0012fd38 00000290 t baller_start.isra.0
0012ffc8 00000184 T Curl_timeleft
00130150 00000a4c t cf_he_connect
00130b9c 00000110 T Curl_persistconninfo
00130cac 0000006c T Curl_addr2string
00130d18 000000f0 T Curl_getconnectinfo
00130e08 00000060 T Curl_conncontrol
00130e68 00000040 T Curl_cf_setup_insert_after
00130ea8 00000094 T Curl_conn_setup
00130f3c 00000018 t zalloc_cb
00130f54 00000014 t zfree_cb
00130f68 00000008 t identity_init_writer
00130f70 00000004 t identity_close_writer
00130f74 000000f0 t check_gzip_header.part.0
00131064 00000008 t error_init_writer
0013106c 00000004 t error_close_writer
00131070 0000003c t identity_unencode_write
001310ac 00000080 t deflate_init_writer
0013112c 00000088 t gzip_close_writer
001311b4 00000088 t deflate_close_writer
0013123c 000000b4 t exit_zlib
001312f0 000000c8 t gzip_init_writer
001313b8 0000032c t inflate_stream
001316e4 00000080 t deflate_unencode_write
00131764 000002f8 t gzip_unencode_write
00131a5c 00000100 T Curl_all_content_encodings
00131b5c 0000004c t error_unencode_write
00131ba8 0000003c T Curl_unencode_write
00131be4 00000210 T Curl_build_unencoding_stack
00131df4 0000005c t freecookie
00131e50 00000020 t cookie_sort_ct
00131e70 000000e4 t remove_expired
00131f54 00000138 t cookie_sort
0013208c 00000068 t cookie_tailmatch
001320f4 000000f0 t get_netscape_format
001321e4 000000c0 t cookiehash
001322a4 000000f4 t sanitize_cookie_path
00132398 00001370 T Curl_cookie_add
00133708 0000025c T Curl_cookie_init
00133964 00000094 T Curl_cookie_loadfiles
001339f8 00000428 T Curl_cookie_getlist
00133e20 0000004c T Curl_cookie_clearall
00133e6c 00000024 T Curl_cookie_freelist
00133e90 00000080 T Curl_cookie_clearsess
00133f10 00000054 T Curl_cookie_cleanup
00133f64 000000d8 T Curl_cookie_list
0013403c 00000390 T Curl_flush_cookies
001343cc 00000098 T Curl_get_line
00134464 0000003c T Curl_memrchr
001344a0 000000b8 t Curl_debug.part.0
00134558 00000010 T Curl_debug
00134568 000000b4 T Curl_failf
0013461c 00000088 T Curl_infof
001346a4 000000bc T Curl_trc_cf_infof
00134760 00000008 T Curl_trc_init
00134768 000000b8 t unescape_word
00134820 000000c0 t sendf
001348e0 00000490 t dict_do
00134d70 00000114 t dyn_nappend
00134e84 00000018 T Curl_dyn_init
00134e9c 00000030 T Curl_dyn_free
00134ecc 00000020 T Curl_dyn_reset
00134eec 00000074 T Curl_dyn_tail
00134f60 00000004 T Curl_dyn_addn
00134f64 00000028 T Curl_dyn_add
00134f8c 00000018 T Curl_dyn_vaddf
00134fa4 00000038 T Curl_dyn_addf
00134fdc 00000008 T Curl_dyn_ptr
00134fe4 00000008 T Curl_dyn_uptr
00134fec 00000008 T Curl_dyn_len
00134ff4 00000024 T Curl_dyn_setlen
00135018 00000174 T curl_easy_escape
0013518c 00000194 T Curl_urldecode
00135320 00000010 T curl_free
00135330 00000094 T Curl_hexencode
001353c4 00000034 t file_setup_connection
001353f8 00000054 t file_done
00135450 000007a8 t file_do
00135bf8 00000054 t file_disconnect
00135c4c 00000134 t file_connect
00135d80 0000017c T Curl_fopen
00135efc 00000098 t freedirs
00135f94 00000030 t ftp_multi_statemach
00135fc4 00000090 t ftp_domore_getsock
00136054 00000008 t ftp_getsock
0013605c 0000021c t ftp_state_retr
00136278 0000009c t ftp_state_use_pasv
00136314 000000d4 t ftp_epsv_disable
001363e8 00000244 t ftp_state_ul_setup
0013662c 000006c4 t ftp_state_use_port
00136cf0 000004c8 t ftp_state_pasv_resp
001371b8 000000a8 t ftp_timeleft_accept
00137260 00000140 t AcceptServerConnect
001373a0 00000100 t InitiateTransfer
001374a0 00000034 t wc_data_dtor
001374d4 000003c0 t ftp_parse_url_path
00137898 00000180 t ftp_setup_connection
00137a18 00000078 t ftp_endofresp
00137a90 0000015c t ftp_disconnect
00137bec 00000098 t ftp_state_size
00137c84 0000006c t ftp_state_type
00137cf0 00000068 t ftp_state_mdtm
00137d58 000002d8 t ftp_state_quote
00138030 000000dc t ftp_state_prepare_transfer
0013810c 000002a0 t ftp_state_type_resp
001383ac 0000006c t ftp_nb_type
00138418 0000006c t ftp_state_loggedin
00138484 000000a8 t ftp_doing
0013852c 000000d0 t ftp_connect
001385fc 0000020c T Curl_GetFTPResponse
00138808 00000198 t ReceivedServerConnect
001389a0 000000ec t AllowServerConnect
00138a8c 00001558 t ftp_statemachine
00139fe4 000002e8 t ftp_do_more
0013a2cc 00000744 t ftp_do
0013aa10 000007b8 t ftp_done
0013b1c8 00000008 t fileinfo_dtor
0013b1d0 00000124 t ftp_pl_insert_finfo
0013b2f4 00000028 T Curl_wildcard_init
0013b31c 00000088 T Curl_wildcard_dtor
0013b3a4 00000018 T Curl_ftp_parselist_data_alloc
0013b3bc 0000003c T Curl_ftp_parselist_data_free
0013b3f8 00000008 T Curl_ftp_parselist_geterror
0013b400 00000e68 T Curl_ftp_parselist
0013c268 00000038 T curl_getenv
0013c2a0 00000008 t gopher_connect
0013c2a8 0000026c t gopher_do
0013c514 00000044 t gopher_connecting
0013c558 00000048 t hash_element_dtor
0013c5a0 00000028 T Curl_hash_init
0013c5c8 00000154 T Curl_hash_add
0013c71c 000000a0 T Curl_hash_delete
0013c7bc 00000080 T Curl_hash_pick
0013c83c 0000006c T Curl_hash_destroy
0013c8a8 000000c0 T Curl_hash_clean_with_criterium
0013c968 0000000c T Curl_hash_clean
0013c974 0000004c T Curl_hash_str
0013c9c0 00000030 T Curl_str_key_compare
0013c9f0 00000010 T Curl_hash_start_iterate
0013ca00 00000084 T Curl_hash_next_element
0013ca84 00000314 T Curl_headers_push
0013cd98 00000050 T Curl_headers_cleanup
0013cde8 00000060 t hostcache_timestamp_remove
0013ce48 0000003c t freednsentry
0013ce84 00000090 t create_hostcache_id.constprop.0
0013cf14 000001a0 t fetch_addr
0013d0b4 00000034 T Curl_printable_address
0013d0e8 000000d8 T Curl_hostcache_prune
0013d1c0 00000068 T Curl_fetch_addr
0013d228 00000268 T Curl_cache_addr
0013d490 0000002c T Curl_host_is_ipnum
0013d4bc 00000408 T Curl_resolv
0013d8c4 00000088 T Curl_resolv_timeout
0013d94c 000000bc T Curl_resolv_unlock
0013da08 00000030 T Curl_init_dnscache
0013da38 00000064 T Curl_hostcache_clean
0013daa0 000004f0 T Curl_loadhostpairs
0013df90 0000001c T Curl_resolv_check
0013dfac 00000008 T Curl_resolv_getsock
0013dfb4 00000064 T Curl_once_resolved
0013e018 00000010 T Curl_ipvalid
0013e028 0000007c T Curl_ipv4_resolve_r
0013e0a4 00000068 T Curl_getaddrinfo
0013e10c 0000009c t pickoneauth
0013e1a8 000000b0 t http_should_fail
0013e258 00000020 t http_getsock_do
0013e278 00000068 t http_setup_conn
0013e2e0 00000130 t readmoredata
0013e410 00000228 t http_perhapsrewind
0013e638 00000030 T Curl_http_connect
0013e668 000000dc T Curl_http_done
0013e744 000000a8 t checkhttpprefix.isra.0
0013e7ec 00000060 t checkprotoprefix.isra.0
0013e84c 00000074 T Curl_checkProxyheaders
0013e8c0 000004a0 t output_auth_headers
0013ed60 0000010c T Curl_copy_header_value
0013ee6c 00000334 T Curl_http_auth_act
0013f1a0 00000188 T Curl_http_output_auth
0013f328 0000034c T Curl_http_input_auth
0013f674 000002c0 T Curl_buffer_send
0013f934 000000d4 T Curl_compareheader
0013fa08 000000dc t expect100
0013fae4 000000e4 T Curl_http_compile_trailers
0013fbc8 00000364 T Curl_dynhds_add_custom
0013ff2c 0000038c T Curl_add_custom_headers
001402b8 0000012c T Curl_add_timecondition
001403e4 000000d0 T Curl_http_method
001404b4 0000021c T Curl_http_host
001406d0 00000238 T Curl_http_target
00140908 000002bc T Curl_http_body
00140bc4 00000818 T Curl_http_bodysend
001413dc 0000037c T Curl_http_cookies
00141758 00000144 T Curl_http_range
0014189c 000001b0 T Curl_http_resume
00141a4c 00000174 T Curl_http_firstwrite
00141bc0 000000dc T Curl_transferencode
00141c9c 0000072c T Curl_http
001423c8 000008c8 T Curl_http_header
00142c90 00000180 T Curl_http_statusline
00142e10 00000090 T Curl_http_size
00142ea0 0000007c T Curl_bump_headersize
00142f1c 00000c9c T Curl_http_readwrite_headers
00143bb8 00000058 T Curl_http_req_free
00143c10 00000174 T Curl_http_req_make
00143d84 0000003c t compare_func
00143dc0 00000074 t calc_payload_hash
00143e34 000011d8 T Curl_output_aws_sigv4
0014500c 00000018 T Curl_httpchunk_init
00145024 00000398 T Curl_httpchunk_read
001453bc 00000024 T Curl_chunked_strerror
001453e0 000001a0 T Curl_input_ntlm
00145580 000002b8 T Curl_output_ntlm
00145838 0000001c T Curl_http_auth_cleanup_ntlm
00145854 0000005c t http_proxy_cf_destroy
001458b0 000000d4 t http_proxy_cf_close
00145984 000001ac t http_proxy_cf_connect
00145b30 00000054 T Curl_cf_http_proxy_get_host
00145b84 000000a8 T Curl_http_proxy_get_destination
00145c2c 00000248 T Curl_http_proxy_create_CONNECT
00145e74 00000080 T Curl_cf_http_proxy_insert_after
00145ef4 00000034 T Curl_is_ASCII_name
00145f28 00000014 T Curl_idnconvert_hostname
00145f3c 00000008 T Curl_if2ip
00145f44 00000044 t imap_setup_connection
00145f88 00000070 t imap_is_bchar
00145ff8 00000154 t imap_sendf
0014614c 00000008 t imap_getsock
00146154 000000a0 t imap_multi_statemach
001461f4 000000ec t imap_get_message
001462e0 00000014 t imap_cancel_authenticate
001462f4 000001cc t imap_done
001464c0 00000034 t imap_continue_authenticate
001464f4 000000ec t imap_perform_fetch
001465e0 000000bc t imap_matchresp
0014669c 00000374 t imap_endofresp
00146a10 000000f8 t imap_perform_upgrade_tls
00146b08 0000012c t imap_atom
00146c34 000000c4 t imap_perform_list
00146cf8 0000023c t imap_connect
00146f34 00000044 t imap_perform_authenticate
00146f78 000000b4 t imap_perform_login
0014702c 000000e4 t imap_perform_authentication
00147110 000008c0 t imap_do
001479d0 000000d8 t imap_disconnect
00147aa8 0000098c t imap_statemachine
00148434 000000e4 t imap_doing
00148518 00000010 t my_md5_final
00148528 00000004 t my_md5_update
0014852c 00000018 t my_md5_init
00148544 00000058 T Curl_md5it
0014859c 00000094 T Curl_MD5_init
00148630 0000001c T Curl_MD5_update
0014864c 00000044 T Curl_MD5_final
00148690 00000010 t mqtt_getsock
001486a0 00000094 t mqtt_send
00148734 00000090 t mqtt_recv_atleast
001487c4 00000034 t mqtt_done
001487f8 00000428 t mqtt_do
00148c20 00000048 t mqtt_setup_conn
00148c68 00000090 t mqtt_get_topic.constprop.0
00148cf8 00000954 t mqtt_doing
0014964c 00000508 t parsenetrc
00149b54 000000ac T Curl_parsenetrc
00149c00 00000044 T curlx_nonblock
00149c44 000003c0 T Curl_check_noproxy
0014a004 000000c0 T Curl_pp_state_timeout
0014a0c4 00000210 T Curl_pp_statemach
0014a2d4 00000048 T Curl_pp_init
0014a31c 0000000c T Curl_pp_setup
0014a328 0000013c T Curl_pp_vsendf
0014a464 0000002c T Curl_pp_sendf
0014a490 00000374 T Curl_pp_readresp
0014a804 00000020 T Curl_pp_getsock
0014a824 00000090 T Curl_pp_flushsend
0014a8b4 00000030 T Curl_pp_disconnect
0014a8e4 00000034 T Curl_pp_moredata
0014a918 00000044 t pop3_setup_connection
0014a95c 00000014 t pop3_cancel_auth
0014a970 00000008 t pop3_getsock
0014a978 0000009c t pop3_multi_statemach
0014aa14 0000006c t pop3_done
0014aa80 000000ec t pop3_get_message
0014ab6c 00000034 t pop3_continue_auth
0014aba0 00000060 t pop3_perform_auth
0014ac00 000000e0 t pop3_endofresp
0014ace0 00000100 t pop3_perform_upgrade_tls
0014ade0 00000234 t pop3_connect
0014b014 000000e0 t pop3_perform_apop.part.0
0014b0f4 000000c8 t pop3_disconnect
0014b1bc 000001d8 t pop3_do
0014b394 00000158 t pop3_perform_authentication
0014b4ec 0000009c t pop3_doing
0014b588 00000218 T Curl_pop3_write
0014b7a0 000007a4 t pop3_statemachine
0014bf44 00000010 t rtsp_getsock_do
0014bf54 00000014 t rtsp_disconnect
0014bf68 0000003c t rtsp_connect
0014bfa4 000000b0 t rtsp_done
0014c054 00000050 t rtsp_setup_connection
0014c0a4 00000a94 t rtsp_do
0014cb38 00000034 t rtsp_conncheck
0014cb6c 000002a4 t rtsp_rtp_readwrite
0014ce10 00000358 T Curl_rtsp_parseheader
0014d168 00000014 t my_sha256_init
0014d17c 00000004 t my_sha256_update
0014d180 00000010 t my_sha256_final
0014d190 00000050 T Curl_sha256it
0014d1e0 0000004c t smb_disconnect
0014d22c 00000014 t smb_getsock
0014d240 00000020 t smb_do
0014d260 000000e4 t smb_connect
0014d344 00000144 t smb_setup_connection
0014d488 000001c0 t smb_send_and_recv.constprop.0
0014d648 000000b4 t smb_format_message.isra.0
0014d6fc 0000008c t smb_send_message.part.0
0014d788 000000e4 t smb_send_open
0014d86c 00000134 t smb_send_tree_connect
0014d9a0 000001f4 t smb_send_setup
0014db94 0000020c t smb_connection_state
0014dda0 00000764 t smb_request_state
0014e504 00000044 t smtp_setup_connection
0014e548 00000014 t smtp_cancel_auth
0014e55c 00000008 t smtp_getsock
0014e564 0000009c t smtp_multi_statemach
0014e600 000000ec t smtp_get_message
0014e6ec 00000034 t smtp_continue_auth
0014e720 00000060 t smtp_perform_auth
0014e780 000000a8 t smtp_perform_authentication
0014e828 000001cc t smtp_done
0014e9f4 00000108 t smtp_endofresp
0014eafc 0000009c t smtp_parse_address.constprop.0
0014eb98 000000c4 t smtp_perform_rcpt_to
0014ec5c 00000214 t smtp_perform_command
0014ee70 000005dc t smtp_do
0014f44c 00000070 t smtp_parse_url_path.isra.0
0014f4bc 00000160 t smtp_connect
0014f61c 000000c8 t smtp_disconnect
0014f6e4 000000fc t smtp_perform_upgrade_tls
0014f7e0 00000924 t smtp_statemachine
00150104 000000e8 t smtp_doing
001501ec 00000244 T Curl_smtp_escape_eob
00150430 00000054 t socks_proxy_cf_close
00150484 00000030 t socks_proxy_cf_destroy
001504b4 00000090 t socks_cf_get_select_socks
00150544 00000058 t socks_cf_get_host
0015059c 000000a8 t socks_state_recv.isra.0
00150644 000000a8 t socks_state_send.isra.0
001506ec 000011ac t socks_proxy_cf_connect
00151898 0000004c T Curl_cf_socks_proxy_insert_after
001518e4 0000001c T curl_easy_strerror
00151900 0000001c T curl_url_strerror
0015191c 000000e8 T Curl_strerror
00151a04 00000034 t telnet_done
00151a38 0000016c t send_telnet_data
00151ba4 00000548 t printsub.part.0
001520ec 000000f0 t printoption.part.0
001521dc 0000008c t send_negotiation
00152268 00000158 t sendsuboption
001523c0 000002d0 t suboption
00152690 00000eec t telnet_do
0015357c 00000050 t tftp_disconnect
001535cc 00000010 t tftp_getsock
001535dc 0000016c t tftp_set_timeouts
00153748 000002f0 t tftp_rx
00153a38 00000064 t tftp_connect_for_rx
00153a9c 00000364 t tftp_tx
00153e00 00000064 t tftp_connect_for_tx
00153e64 000001a8 t tftp_connect
0015400c 0000008c t tftp_setup_connection
00154098 0000009c t tftp_translate_code.part.0
00154134 0000004c t tftp_done
00154180 0000047c t tftp_send_first
001545fc 00000094 t tftp_state_machine
00154690 000005ec t tftp_multi_statemach
00154c7c 00000074 t tftp_doing
00154cf0 000000a8 t tftp_do
00154d98 00000008 T Curl_auth_is_ntlm_supported
00154da0 000001e4 T Curl_auth_decode_ntlm_type2_message
00154f84 000000e0 T Curl_auth_create_ntlm_type1_message
00155064 0000059c T Curl_auth_create_ntlm_type3_message
00155600 0000002c T Curl_auth_cleanup_ntlm
0015562c 00000004 t mbedtls_close_all
00155630 00000008 t mbedtls_init
00155638 00000004 t mbedtls_cleanup
0015563c 0000000c t mbedtls_get_internals
00155648 00000048 t mbed_send
00155690 00000058 t mbed_recv
001556e8 0000001c t mbedtls_sha256sum
00155704 00000024 t mbedtls_session_free
00155728 00000078 t mbedtls_close
001557a0 000000e4 t mbedtls_random
00155884 000000f4 t mbedtls_bio_cf_read
00155978 000000ac t mbedtls_bio_cf_write
00155a24 00000f70 t mbed_connect_common
00156994 0000000c t mbedtls_connect_nonblocking
001569a0 0000001c t mbedtls_connect
001569bc 00000020 t mbedtls_data_pending
001569dc 00000050 t mbedtls_version
00156a2c 00000008 T Curl_conn_may_http3
00156a34 0000007c t cf_h1_proxy_get_select_socks
00156ab0 000002f4 t h1_tunnel_go_state
00156da4 00000094 t cf_h1_proxy_close
00156e38 00000e90 t cf_h1_proxy_connect
00157cc8 000000a8 t cf_h1_proxy_destroy
00157d70 0000004c T Curl_cf_h1_proxy_insert_after
00157dbc 00000088 t cf_haproxy_close
00157e44 00000060 t cf_haproxy_get_select_socks
00157ea4 000001bc t cf_haproxy_connect
00158060 00000078 t cf_haproxy_destroy
001580d8 000000a8 T Curl_cf_haproxy_insert_after
00158180 000001b0 t cf_hc_get_select_socks
00158330 00000158 t cf_get_max_baller_time.isra.0
00158488 0000008c t cf_hc_query
00158514 000000cc t cf_hc_data_pending
001585e0 00000090 t cf_hc_reset.isra.0
00158670 00000070 t cf_hc_destroy
001586e0 00000090 t cf_hc_close
00158770 000002b0 t baller_connected
00158a20 000006e4 t cf_hc_connect
00159104 0000013c T Curl_cf_https_setup
00159240 00000024 t cf_socket_get_host
00159264 00000030 t cf_socket_get_select_socks
00159294 0000001c t cf_tcp_accept_connect
001592b0 00000070 t socket_open
00159320 000000f0 t cf_socket_query
00159410 00000180 t cf_socket_conn_is_alive
00159590 000000fc t conn_set_primary_ip
0015968c 00000100 t nw_in_read
0015978c 0000033c t cf_socket_recv
00159ac8 00000124 t cf_socket_send
00159bf0 00000050 t cf_socket_data_pending
00159c40 00000098 t socket_close
00159cd8 000001c0 t cf_socket_close
00159e98 00000078 t cf_socket_destroy
00159f10 00000080 t socket_connect_result
00159f90 000003ec t bindlocal.constprop.0
0015a37c 000000f0 t set_accepted_remote_ip.isra.0
0015a46c 000000f0 t set_local_ip.isra.0
0015a55c 000002b8 t cf_socket_open
0015a818 0000025c t cf_tcp_connect
0015aa74 00000234 t cf_udp_connect
0015aca8 000000a8 t cf_socket_cntrl
0015ad50 00000060 T Curl_sock_assign_addr
0015adb0 00000080 T Curl_socket_open
0015ae30 00000028 T Curl_socket_close
0015ae58 000000f0 T Curl_cf_tcp_create
0015af48 000000f0 T Curl_cf_udp_create
0015b038 000000f0 T Curl_cf_unix_create
0015b128 0000015c T Curl_conn_tcp_listen_set
0015b284 000000fc T Curl_conn_tcp_accepted_set
0015b380 00000030 T Curl_freeaddrinfo
0015b3b0 000001b4 T Curl_getaddrinfo_ex
0015b564 0000011c T Curl_he2ai
0015b680 000000fc T Curl_ip2addr
0015b77c 00000048 T Curl_str2addr
0015b7c4 00000008 T Curl_read16_le
0015b7cc 00000008 T Curl_read32_le
0015b7d4 00000010 T Curl_read16_be
0015b7e4 00000044 T Curl_fnmatch
0015b828 00000044 T Curl_gethostname
0015b86c 000000c4 t encrypt_des.isra.0
0015b930 00000044 T Curl_ntlm_core_lm_resp
0015b974 0000007c T Curl_ntlm_core_mk_lm_hash
0015b9f0 000000c4 T Curl_ntlm_core_mk_nt_hash
0015bab4 00000110 T Curl_ntlm_core_mk_ntlmv2_hash
0015bbc4 000001bc T Curl_ntlm_core_mk_ntlmv2_resp
0015bd80 00000098 T Curl_ntlm_core_mk_lmv2_resp
0015be18 0000014c T Curl_range
0015bf64 000000a4 t get_server_message
0015c008 000000c0 t build_message.isra.0
0015c0c8 00000010 T Curl_sasl_cleanup
0015c0d8 000000b4 T Curl_sasl_decode_mech
0015c18c 000000a0 T Curl_sasl_parse_url_auth_option
0015c22c 00000094 T Curl_sasl_init
0015c2c0 00000024 T Curl_sasl_can_authenticate
0015c2e4 00000470 T Curl_sasl_start
0015c754 00000454 T Curl_sasl_continue
0015cba8 00000070 t skipqname
0015cc18 000000c0 t doh_done
0015ccd8 0000002c t doh_write_cb
0015cd04 000007b0 T Curl_doh
0015d4b4 00000c30 T Curl_doh_is_resolved
0015e0e4 00000020 T Curl_dynhds_init
0015e104 00000074 T Curl_dynhds_free
0015e178 00000184 T Curl_dynhds_add
0015e2fc 0000004c T Curl_dynhds_cadd
0015e348 00000200 T Curl_dynhds_h1_add_line
0015e548 00000030 T Curl_dynhds_h1_cadd_line
0015e578 00000088 T Curl_dynhds_h1_dprint
0015e600 00000018 T Curl_fileinfo_alloc
0015e618 0000002c T Curl_fileinfo_cleanup
0015e644 00000004 t fseeko_wrapper
0015e648 00000088 t setname
0015e6d0 000002ec t Curl_getformdata.part.0
0015e9bc 00000044 T Curl_getformdata
0015ea00 00000168 T Curl_HMAC_init
0015eb68 0000001c T Curl_HMAC_update
0015eb84 0000006c T Curl_HMAC_final
0015ebf0 0000006c T Curl_hmacit
0015ec5c 000000ac T Curl_h1_req_write_head
0015ed08 0000071c t body
0015f428 00000290 T Curl_md4it
0015f6b8 00000100 T Curl_auth_create_plain_message
0015f7b8 0000002c T Curl_auth_create_login_message
0015f7e4 0000002c T Curl_auth_create_external_message
0015f810 00000150 T Curl_auth_create_cram_md5_message
0015f960 0000008c T Curl_auth_create_oauth_bearer_message
0015f9ec 00000058 T Curl_auth_create_xoauth_bearer_message
0015fa44 00000100 t prune_head
0015fb44 00000164 t get_non_full_tail
0015fca8 00000028 T Curl_bufq_init
0015fcd0 00000074 T Curl_bufq_free
0015fd44 00000044 T Curl_bufq_reset
0015fd88 0000002c T Curl_bufq_is_empty
0015fdb4 000000f4 T Curl_bufq_read
0015fea8 000000a4 T Curl_bufq_sipn
0015ff4c 000000b4 T Curl_bufq_slurp
00160000 000000a0 T mbedtls_ssl_list_ciphersuites
001600a0 00000038 T mbedtls_ssl_ciphersuite_from_id
001600d8 0000003c T mbedtls_ssl_get_ciphersuite_name
00160114 0000003c T mbedtls_ssl_get_ciphersuite_sig_pk_alg
00160150 0000002c T mbedtls_ssl_get_ciphersuite_sig_alg
0016017c 00000030 T mbedtls_ssl_ciphersuite_uses_ec
001601ac 00000018 T mbedtls_ssl_ciphersuite_uses_psk
001601c4 0000007c t ssl_hs_is_proper_fragment
00160240 000000d8 t ssl_check_ctr_renegotiate
00160318 0000005c t ssl_buffering_free_slot.isra.0
00160374 00000058 T mbedtls_ssl_set_timer
001603cc 00000aec T mbedtls_ssl_encrypt_buf
00160eb8 00000ab4 T mbedtls_ssl_decrypt_buf
0016196c 00000030 T mbedtls_ssl_flight_free
0016199c 00000120 T mbedtls_ssl_recv_flight_completed
00161abc 000000c0 T mbedtls_ssl_send_flight_completed
00161b7c 00000080 T mbedtls_ssl_update_handshake_status
00161bfc 00000014 T mbedtls_ssl_dtls_replay_reset
00161c10 000000a4 T mbedtls_ssl_dtls_replay_check
00161cb4 00000364 t ssl_parse_record_header
00162018 000000f0 T mbedtls_ssl_dtls_replay_update
00162108 00000064 T mbedtls_ssl_update_out_pointers
0016216c 000001d8 T mbedtls_ssl_flush_output
00162344 000000c4 t ssl_swap_epochs.isra.0
00162408 0000006c T mbedtls_ssl_reset_in_out_pointers
00162474 00000014 T mbedtls_ssl_get_bytes_avail
00162488 000000b8 T mbedtls_ssl_get_record_expansion
00162540 000000a0 t ssl_get_remaining_payload_in_datagram
001625e0 00000488 T mbedtls_ssl_write_record
00162a68 0000052c T mbedtls_ssl_write_handshake_msg
00162f94 000000c4 T mbedtls_ssl_write_change_cipher_spec
00163058 00000128 T mbedtls_ssl_send_alert_message
00163180 00000164 t ssl_write_real
001632e4 000003f8 T mbedtls_ssl_flight_transmit
001636dc 0000036c T mbedtls_ssl_prepare_handshake_record
00163a48 00000314 T mbedtls_ssl_handle_message_type
00163d5c 00000740 T mbedtls_ssl_fetch_input
0016449c 00001b2c T mbedtls_ssl_read_record
00165fc8 000001ec T mbedtls_ssl_parse_change_cipher_spec
001661b4 0000067c T mbedtls_ssl_read
00166830 000001b4 T mbedtls_ssl_write
001669e4 0000003c T mbedtls_ssl_transform_free
00166a20 000000ac T mbedtls_ssl_buffering_free
00166acc 00000034 T mbedtls_ssl_write_version
00166b00 00000040 T mbedtls_ssl_read_version
00166b40 0000000c t ssl_cookie_write_dummy
00166b4c 0000000c t ssl_cookie_check_dummy
00166b58 00000238 t tls_prf_generic
00166d90 00000050 t tls_prf_sha256
00166de0 00000050 t tls_prf_sha384
00166e30 000003dc t tls1_prf
0016720c 00000148 t ssl_calc_finished_tls_sha256
00167354 000000c4 t ssl_calc_verify_tls_sha256
00167418 00000150 t ssl_calc_finished_tls_sha384
00167568 000000c8 t ssl_calc_verify_tls_sha384
00167630 000001a8 t ssl_calc_finished_tls
001677d8 000000f0 t ssl_calc_verify_tls
001678c8 00000774 t ssl_populate_transform
0016803c 000000bc t ssl_write_hello_request
001680f8 0000000c t ssl_update_checksum_sha256
00168104 0000000c t ssl_update_checksum_sha384
00168110 00000034 t ssl_update_checksum_md5sha1
00168144 0000005c t ssl_update_checksum_start
001681a0 00000100 T mbedtls_ssl_session_copy
001682a0 000003c0 T mbedtls_ssl_derive_keys
00168660 000002c0 T mbedtls_ssl_psk_derive_premaster
00168920 00000094 T mbedtls_ssl_resend_hello_request
001689b4 00000360 T mbedtls_ssl_write_certificate
00168d14 00000044 T mbedtls_ssl_optimize_checksum
00168d58 00000044 T mbedtls_ssl_reset_checksum
00168d9c 000002a8 T mbedtls_ssl_write_finished
00169044 00000258 T mbedtls_ssl_parse_finished
0016929c 0000000c T mbedtls_ssl_session_init
001692a8 0000000c T mbedtls_ssl_init
001692b4 00000008 T mbedtls_ssl_conf_authmode
001692bc 0000000c T mbedtls_ssl_conf_rng
001692c8 00000014 T mbedtls_ssl_set_bio
001692dc 0000005c T mbedtls_ssl_set_session
00169338 00000014 T mbedtls_ssl_conf_ciphersuites
0016934c 00000008 T mbedtls_ssl_conf_cert_profile
00169354 0000006c T mbedtls_ssl_conf_own_cert
001693c0 0000000c T mbedtls_ssl_conf_ca_chain
001693cc 0000007c T mbedtls_ssl_conf_dh_param_bin
00169448 000000d4 T mbedtls_ssl_set_hostname
0016951c 0000000c T mbedtls_ssl_conf_max_version
00169528 0000000c T mbedtls_ssl_conf_min_version
00169534 00000008 T mbedtls_ssl_conf_renegotiation
0016953c 00000008 T mbedtls_ssl_conf_session_tickets
00169544 00000028 T mbedtls_ssl_get_verify_result
0016956c 00000024 T mbedtls_ssl_get_ciphersuite
00169590 00000080 T mbedtls_ssl_get_output_max_frag_len
00169610 0000005c T mbedtls_ssl_get_current_mtu
0016966c 000000dc T mbedtls_ssl_get_max_out_record_payload
00169748 00000018 T mbedtls_ssl_get_peer_cert
00169760 00000040 T mbedtls_ssl_get_session
001697a0 0000014c T mbedtls_ssl_handshake
001698ec 000000b4 T mbedtls_ssl_handshake_free
001699a0 0000009c T mbedtls_ssl_handshake_wrapup_free_hs_transform
00169a3c 000001ac T mbedtls_ssl_handshake_wrapup
00169be8 000001b8 t mbedtls_ssl_free.part.0
00169da0 0000027c t ssl_handshake_init
0016a020 00000110 T mbedtls_ssl_setup
0016a130 00000240 T mbedtls_ssl_session_reset_int
0016a370 000000fc T mbedtls_ssl_start_renegotiation
0016a46c 00000104 T mbedtls_ssl_renegotiate
0016a570 00000044 T mbedtls_ssl_session_free
0016a5b4 0000000c T mbedtls_ssl_free
0016a5c0 0000000c T mbedtls_ssl_config_init
0016a5cc 000001ec T mbedtls_ssl_config_defaults
0016a7b8 00000098 T mbedtls_ssl_config_free
0016a850 0000003c T mbedtls_ssl_sig_from_pk
0016a88c 0000001c T mbedtls_ssl_sig_from_pk_alg
0016a8a8 00000018 T mbedtls_ssl_pk_alg_from_sig
0016a8c0 00000028 T mbedtls_ssl_sig_hash_set_find
0016a8e8 00000030 T mbedtls_ssl_sig_hash_set_add
0016a918 0000000c T mbedtls_ssl_sig_hash_set_const_hash
0016a924 00000018 T mbedtls_ssl_md_alg_from_hash
0016a93c 00000018 T mbedtls_ssl_hash_from_md_alg
0016a954 00000044 T mbedtls_ssl_check_curve
0016a998 00000044 T mbedtls_ssl_check_sig_hash
0016a9dc 00000108 T mbedtls_ssl_check_cert_usage
0016aae4 000009fc T mbedtls_ssl_parse_certificate
0016b4e0 00000078 T mbedtls_ssl_set_calc_verify_md
0016b558 000001e0 T mbedtls_ssl_get_key_exchange_md_ssl_tls
0016b738 00000170 T mbedtls_ssl_get_key_exchange_md_tls1_2
0016b8a8 0000015c t mbedtls_debug_print_mpi.part.0
0016ba04 00000148 t mbedtls_debug_print_ecp.part.0
0016bb4c 000000b0 T mbedtls_debug_print_msg
0016bbfc 000000b8 T mbedtls_debug_print_ret
0016bcb4 000001ec T mbedtls_debug_print_buf
0016bea0 00000058 T mbedtls_debug_print_mpi
0016bef8 000002f4 T mbedtls_debug_print_crt
0016c1ec 00000110 T mbedtls_debug_printf_ecdh
0016c2fc 000000d8 t ssl_check_server_ecdh_params
0016c3d4 00000228 t ssl_write_encrypted_pms
0016c5fc 000000b0 t ssl_validate_ciphersuite
0016c6ac 0000128c t ssl_write_client_hello
0016d938 00002ecc T mbedtls_ssl_handshake_client_step
00170804 00000120 t ssl_parse_client_dh_public
00170924 000021cc t ssl_parse_client_hello
00172af0 000001b4 t ssl_parse_client_psk_identity
00172ca4 000002ac t ssl_parse_encrypted_pms
00172f50 000026bc T mbedtls_ssl_handshake_server_step
0017560c 000000d0 t mbedtls_x509_crl_free.part.0
001756dc 000006a0 T mbedtls_x509_crl_parse_der
00175d7c 00000120 T mbedtls_x509_crl_parse
00175e9c 0000005c T mbedtls_x509_crl_parse_file
00175ef8 0000000c T mbedtls_x509_crl_init
00175f04 0000000c T mbedtls_x509_crl_free
00175f10 000000b8 t x509_profile_check_key
00175fc8 00000178 t mbedtls_x509_crt_free.part.0
00176140 0000012c t x509_name_cmp
0017626c 00000134 t x509_crt_check_cn
001763a0 00000804 t x509_crt_verify_restartable_ca_cb.constprop.0.isra.0
00176ba4 00000220 T mbedtls_x509_parse_subject_alt_name
00176dc4 00000e04 t mbedtls_x509_crt_parse_der_internal
00177bc8 00000024 T mbedtls_x509_crt_parse_der
00177bec 000001a4 T mbedtls_x509_crt_parse
00177d90 0000005c T mbedtls_x509_crt_parse_file
00177dec 000000ec T mbedtls_x509_crt_parse_path
00177ed8 00000d34 T mbedtls_x509_crt_info
00178c0c 0000004c T mbedtls_x509_crt_check_key_usage
00178c58 000000ac T mbedtls_x509_crt_check_extended_key_usage
00178d04 00000004 T mbedtls_x509_crt_verify_restartable
00178d08 0000000c T mbedtls_x509_crt_init
00178d14 0000000c T mbedtls_x509_crt_free
00178d20 000000b4 t x509_check_time
00178dd4 00000078 t x509_get_current_time
00178e4c 0000007c T mbedtls_x509_get_serial
00178ec8 00000014 T mbedtls_x509_get_alg
00178edc 00000340 T mbedtls_x509_get_rsassa_pss_params
0017921c 00000218 T mbedtls_x509_get_name
00179434 000003ac T mbedtls_x509_get_time
001797e0 00000064 T mbedtls_x509_get_sig
00179844 000000d4 T mbedtls_x509_get_sig_alg
00179918 00000088 T mbedtls_x509_get_ext
001799a0 00000218 T mbedtls_x509_dn_gets
00179bb8 00000148 T mbedtls_x509_serial_gets
00179d00 00000140 T mbedtls_x509_sig_alg_gets
00179e40 0000003c T mbedtls_x509_key_size_helper
00179e7c 00000034 T mbedtls_x509_time_is_past
00179eb0 00000034 T mbedtls_x509_time_is_future
00179ee4 00000064 t asn1_get_sequence_of_cb
00179f48 00000108 T mbedtls_asn1_get_len
0017a050 00000114 t asn1_get_tagged_int
0017a164 00000040 T mbedtls_asn1_get_tag
0017a1a4 00000088 T mbedtls_asn1_get_bool
0017a22c 0000000c T mbedtls_asn1_get_int
0017a238 0000007c T mbedtls_asn1_get_mpi
0017a2b4 000000a4 T mbedtls_asn1_get_bitstring
0017a358 0000015c T mbedtls_asn1_traverse_sequence_of
0017a4b4 00000084 T mbedtls_asn1_get_bitstring_null
0017a538 00000058 T mbedtls_asn1_get_sequence_of
0017a590 00000130 T mbedtls_asn1_get_alg
0017a6c0 00000054 T mbedtls_asn1_get_alg_null
0017a714 00000218 t mpi_mul_hlp
0017a92c 000000c0 t mpi_fill_random_internal
0017a9ec 00000014 T mbedtls_mpi_init
0017aa00 00000040 T mbedtls_mpi_free
0017aa40 00000090 T mbedtls_mpi_grow
0017aad0 000000b4 t mbedtls_mpi_resize_clear
0017ab84 000000cc T mbedtls_mpi_shrink
0017ac50 000000f4 T mbedtls_mpi_copy
0017ad44 00000098 T mbedtls_mpi_lset
0017addc 00000028 T mbedtls_mpi_get_bit
0017ae04 00000074 T mbedtls_mpi_set_bit
0017ae78 00000064 T mbedtls_mpi_lsb
0017aedc 00000078 T mbedtls_mpi_bitlen
0017af54 00000014 T mbedtls_mpi_size
0017af68 00000068 T mbedtls_mpi_read_binary_le
0017afd0 000000a4 T mbedtls_mpi_read_binary
0017b074 00000104 T mbedtls_mpi_write_binary_le
0017b178 000000b8 T mbedtls_mpi_write_binary
0017b230 000000fc T mbedtls_mpi_shift_l
0017b32c 00000124 T mbedtls_mpi_shift_r
0017b450 000000c8 T mbedtls_mpi_cmp_abs
0017b518 00000104 T mbedtls_mpi_cmp_mpi
0017b61c 00000038 T mbedtls_mpi_cmp_int
0017b654 00000128 T mbedtls_mpi_add_abs
0017b77c 00000188 T mbedtls_mpi_sub_abs
0017b904 000000ac t add_sub_mpi
0017b9b0 00000008 T mbedtls_mpi_add_mpi
0017b9b8 00000008 T mbedtls_mpi_sub_mpi
0017b9c0 00000038 T mbedtls_mpi_add_int
0017b9f8 0000003c T mbedtls_mpi_sub_int
0017ba34 00000200 T mbedtls_mpi_mul_mpi
0017bc34 000000d0 T mbedtls_mpi_mul_int
0017bd04 000008c4 T mbedtls_mpi_div_mpi
0017c5c8 000000fc T mbedtls_mpi_mod_mpi
0017c6c4 000000b8 T mbedtls_mpi_mod_int
0017c77c 000000a8 t mpi_check_small_factors
0017c824 0000003c T mbedtls_mpi_montmul_init
0017c860 00000198 T mbedtls_mpi_montmul
0017c9f8 0000008c T mbedtls_mpi_get_mont_r2_unsafe
0017ca84 00000a0c T mbedtls_mpi_exp_mod
0017d490 000006cc t mpi_miller_rabin
0017db5c 0000046c T mbedtls_mpi_gcd
0017dfc8 00000054 T mbedtls_mpi_fill_random
0017e01c 000001ac T mbedtls_mpi_random
0017e1c8 00000cb4 T mbedtls_mpi_inv_mod
0017ee7c 000000d0 T mbedtls_mpi_is_prime_ext
0017ef4c 00000038 t add_pkcs_padding
0017ef84 00000044 t add_one_and_zeros_padding
0017efc8 00000048 t add_zeros_and_len_padding
0017f010 00000020 t add_zeros_padding
0017f030 00000020 t get_no_padding
0017f050 000000b0 t get_zeros_and_len_padding
0017f100 000000b4 t get_pkcs_padding
0017f1b4 000000bc t get_one_and_zeros_padding
0017f270 000000f8 t mbedtls_cipher_aead_encrypt
0017f368 00000160 t mbedtls_cipher_aead_decrypt
0017f4c8 00000084 t get_zeros_padding
0017f54c 00000040 T mbedtls_cipher_info_from_type
0017f58c 00000064 T mbedtls_cipher_info_from_values
0017f5f0 0000000c T mbedtls_cipher_init
0017f5fc 00000054 T mbedtls_cipher_free
0017f650 00000074 T mbedtls_cipher_setup
0017f6c4 0000008c T mbedtls_cipher_setkey
0017f750 000000dc T mbedtls_cipher_set_iv
0017f82c 00000024 T mbedtls_cipher_reset
0017f850 000003dc T mbedtls_cipher_update
0017fc2c 00000164 T mbedtls_cipher_finish
0017fd90 000000d8 T mbedtls_cipher_set_padding_mode
0017fe68 0000009c T mbedtls_cipher_crypt
0017ff04 00000074 T mbedtls_cipher_auth_encrypt_ext
0017ff78 00000068 T mbedtls_cipher_auth_decrypt_ext
0017ffe0 00000018 t chachapoly_ctx_free
0017fff8 00000024 t chachapoly_ctx_alloc
0018001c 0000002c t chachapoly_setkey_wrap
00180048 00000018 t chacha20_ctx_free
00180060 00000024 t chacha20_ctx_alloc
00180084 0000002c t chacha20_setkey_wrap
001800b0 0000001c t chacha20_stream_wrap
001800cc 00000018 t des3_ctx_free
001800e4 00000024 t des3_ctx_alloc
00180108 00000004 t des3_set3key_dec_wrap
0018010c 00000004 t des3_set3key_enc_wrap
00180110 00000004 t des3_crypt_cbc_wrap
00180114 0000000c t des3_crypt_ecb_wrap
00180120 00000004 t des3_set2key_dec_wrap
00180124 00000004 t des3_set2key_enc_wrap
00180128 00000018 t des_ctx_free
00180140 00000024 t des_ctx_alloc
00180164 00000004 t des_setkey_dec_wrap
00180168 00000004 t des_setkey_enc_wrap
0018016c 00000004 t des_crypt_cbc_wrap
00180170 0000000c t des_crypt_ecb_wrap
0018017c 00000018 t ccm_ctx_free
00180194 00000024 t ccm_ctx_alloc
001801b8 00000014 t ccm_camellia_setkey_wrap
001801cc 00000014 t ccm_aes_setkey_wrap
001801e0 00000018 t gcm_ctx_free
001801f8 00000024 t gcm_ctx_alloc
0018021c 00000014 t gcm_camellia_setkey_wrap
00180230 00000014 t gcm_aes_setkey_wrap
00180244 00000018 t camellia_ctx_free
0018025c 00000024 t camellia_ctx_alloc
00180280 00000004 t camellia_setkey_dec_wrap
00180284 00000004 t camellia_setkey_enc_wrap
00180288 00000004 t camellia_crypt_ctr_wrap
0018028c 00000004 t camellia_crypt_cfb128_wrap
00180290 00000004 t camellia_crypt_cbc_wrap
00180294 00000004 t camellia_crypt_ecb_wrap
00180298 00000018 t blowfish_ctx_free
001802b0 00000028 t blowfish_ctx_alloc
001802d8 00000004 t blowfish_setkey_wrap
001802dc 00000004 t blowfish_crypt_ctr_wrap
001802e0 00000004 t blowfish_crypt_cfb64_wrap
001802e4 00000004 t blowfish_crypt_cbc_wrap
001802e8 00000004 t blowfish_crypt_ecb_wrap
001802ec 00000018 t arc4_ctx_free
00180304 00000024 t arc4_ctx_alloc
00180328 00000028 t arc4_setkey_wrap
00180350 00000004 t arc4_crypt_stream_wrap
00180354 00000024 t xts_aes_ctx_alloc
00180378 00000004 t xts_aes_setkey_dec_wrap
0018037c 00000004 t xts_aes_setkey_enc_wrap
00180380 00000030 t aes_crypt_xts_wrap
001803b0 00000018 t aes_ctx_free
001803c8 00000024 t aes_ctx_alloc
001803ec 00000004 t aes_setkey_dec_wrap
001803f0 00000004 t aes_setkey_enc_wrap
001803f4 00000004 t aes_crypt_ctr_wrap
001803f8 00000004 t aes_crypt_ofb_wrap
001803fc 00000004 t aes_crypt_cfb128_wrap
00180400 00000004 t aes_crypt_cbc_wrap
00180404 00000004 t aes_crypt_ecb_wrap
00180408 0000001c t xts_aes_ctx_free
00180424 00000048 T mbedtls_ct_memcmp
0018046c 00000010 T mbedtls_ct_uint_mask
0018047c 00000010 T mbedtls_ct_size_mask
0018048c 00000014 T mbedtls_ct_size_mask_ge
001804a0 00000018 T mbedtls_ct_size_bool_eq
001804b8 00000018 T mbedtls_ct_uint_if
001804d0 00000044 T mbedtls_ct_mpi_uint_cond_assign
00180514 000000c0 T mbedtls_ct_base64_dec_value
001805d4 0000008c T mbedtls_ct_memcpy_offset
00180660 00000210 T mbedtls_ct_hmac
00180870 000000c0 T mbedtls_mpi_safe_cond_assign
00180930 000000dc T mbedtls_mpi_safe_cond_swap
00180a0c 000000c4 T mbedtls_mpi_lt_mpi_ct
00180ad0 00000254 T mbedtls_ct_rsaes_pkcs1_v15_unpadding
00180d24 00000274 t block_cipher_df
00180f98 000000ec t ctr_drbg_update_internal
00181084 00000118 t mbedtls_ctr_drbg_reseed_internal
0018119c 0000002c T mbedtls_ctr_drbg_init
001811c8 00000038 T mbedtls_ctr_drbg_free
00181200 000000b4 T mbedtls_ctr_drbg_seed
001812b4 0000017c T mbedtls_ctr_drbg_random_with_add
00181430 0000001c T mbedtls_ctr_drbg_random
0018144c 0000000c T mbedtls_des_init
00181458 00000010 T mbedtls_des_free
00181468 0000000c T mbedtls_des3_init
00181474 00000010 T mbedtls_des3_free
00181484 00000028 T mbedtls_des_key_set_parity
001814ac 000003b0 T mbedtls_des_setkey
0018185c 00000090 t des3_set2key
001818ec 00000090 t des3_set3key
0018197c 00000010 T mbedtls_des_setkey_enc
0018198c 00000040 T mbedtls_des_setkey_dec
001819cc 0000002c T mbedtls_des3_set2key_enc
001819f8 00000034 T mbedtls_des3_set2key_dec
00181a2c 0000002c T mbedtls_des3_set3key_enc
00181a58 00000034 T mbedtls_des3_set3key_dec
00181a8c 00000290 T mbedtls_des_crypt_ecb
00181d1c 0000012c T mbedtls_des_crypt_cbc
00181e48 00000504 T mbedtls_des3_crypt_ecb
0018234c 0000012c T mbedtls_des3_crypt_cbc
00182478 00000060 t dhm_read_bignum
001824d8 00000078 t dhm_check_range
00182550 00000068 t mbedtls_dhm_free.part.0
001825b8 00000114 t dhm_make_common
001826cc 0000000c T mbedtls_dhm_init
001826d8 00000084 T mbedtls_dhm_read_params
0018275c 00000110 T mbedtls_dhm_make_params
0018286c 00000054 T mbedtls_dhm_set_group
001828c0 00000038 T mbedtls_dhm_read_public
001828f8 00000080 T mbedtls_dhm_make_public
00182978 000003a0 T mbedtls_dhm_calc_secret
00182d18 0000000c T mbedtls_dhm_free
00182d24 00000098 t ecdh_compute_shared_restartable.constprop.0
00182dbc 00000050 T mbedtls_ecdh_init
00182e0c 0000001c T mbedtls_ecdh_setup
00182e28 00000050 T mbedtls_ecdh_free
00182e78 000000e0 T mbedtls_ecdh_make_params
00182f58 00000074 T mbedtls_ecdh_read_params
00182fcc 00000090 T mbedtls_ecdh_get_params
0018305c 000000a8 T mbedtls_ecdh_make_public
00183104 0000004c T mbedtls_ecdh_read_public
00183150 000000bc T mbedtls_ecdh_calc_secret
0018320c 00000004 t ecp_drbg_random
00183210 00000088 t ecp_drbg_seed
00183298 000000fc t ecp_modp
00183394 00000034 t mbedtls_mpi_mul_mod
001833c8 00000074 t ecp_safe_invert_jac
0018343c 0000009c t ecp_select_comb
001834d8 00000078 t mbedtls_mpi_sub_mod
00183550 00000068 t mbedtls_mpi_shift_l_mod.constprop.0
001835b8 000000bc t ecp_randomize_mxz
00183674 00000140 t ecp_normalize_jac
001837b4 00000304 t ecp_normalize_jac_many
00183ab8 00000154 t ecp_randomize_jac
00183c0c 00000580 t ecp_double_jac
0018418c 0000050c t ecp_add_mixed
00184698 000007a8 t ecp_mul_comb.isra.0
00184e40 00000058 T mbedtls_ecp_grp_id_list
00184e98 00000034 T mbedtls_ecp_curve_info_from_grp_id
00184ecc 00000030 T mbedtls_ecp_curve_info_from_tls_id
00184efc 00000028 T mbedtls_ecp_get_type
00184f24 00000020 T mbedtls_ecp_point_init
00184f44 0000006c T mbedtls_ecp_group_init
00184fb0 00000030 T mbedtls_ecp_keypair_init
00184fe0 00000024 T mbedtls_ecp_point_free
00185004 000000bc T mbedtls_ecp_group_free
001850c0 00000034 T mbedtls_ecp_keypair_free
001850f4 0000003c T mbedtls_ecp_copy
00185130 00000008 T mbedtls_ecp_group_copy
00185138 0000001c T mbedtls_ecp_is_zero
00185154 00000164 T mbedtls_ecp_point_write_binary
001852b8 0000018c T mbedtls_ecp_point_read_binary
00185444 0000005c T mbedtls_ecp_tls_read_point
001854a0 00000060 T mbedtls_ecp_tls_write_point
00185500 0000008c T mbedtls_ecp_tls_read_group_id
0018558c 0000006c T mbedtls_ecp_tls_write_group
001855f8 00000380 T mbedtls_ecp_check_pubkey
00185978 000000c4 T mbedtls_ecp_check_privkey
00185a3c 000007a4 T mbedtls_ecp_mul_restartable
001861e0 0000002c T mbedtls_ecp_mul
0018620c 000001ac t mbedtls_ecp_mul_shortcuts
001863b8 000000f4 T mbedtls_ecp_muladd_restartable
001864ac 0000010c T mbedtls_ecp_gen_privkey
001865b8 000001a8 T mbedtls_ecp_check_pub_priv
00186760 00000178 t ecp_mod_p448
001868d8 000000fc t ecp_mod_p255
001869d4 000000b0 t ecp_mod_p521
00186a84 0000063c t ecp_mod_p384
001870c0 00000178 t ecp_mod_koblitz.constprop.0
00187238 00000010 t ecp_mod_p192k1
00187248 00000010 t ecp_mod_p224k1
00187258 00000010 t ecp_mod_p256k1
00187268 00000334 t ecp_mod_p224
0018759c 000001d4 t ecp_mod_p192
00187770 000004fc t ecp_mod_p256
00187c6c 00000760 T mbedtls_ecp_group_load
001883cc 00000028 T mbedtls_hardware_poll
001883f4 000000d0 t entropy_update
001884c4 000000e4 t entropy_gather_internal.part.0
001885a8 00000198 t mbedtls_entropy_func.part.0
00188740 00000068 T mbedtls_entropy_init
001887a8 0000003c T mbedtls_entropy_free
001887e4 00000014 T mbedtls_entropy_func
001887f8 00000e60 T mbedtls_high_level_strerr
00189658 00000470 T mbedtls_low_level_strerr
00189ac8 00000108 T mbedtls_strerror
00189bd0 00000198 t gcm_mult
00189d68 0000000c T mbedtls_gcm_init
00189d74 000001e0 T mbedtls_gcm_setkey
00189f54 00000214 T mbedtls_gcm_starts
0018a168 00000180 T mbedtls_gcm_update
0018a2e8 00000128 T mbedtls_gcm_finish
0018a410 00000074 T mbedtls_gcm_crypt_and_tag
0018a484 0000009c T mbedtls_gcm_auth_decrypt
0018a520 00000020 T mbedtls_gcm_free
0018a540 00000024 T mbedtls_hmac_drbg_init
0018a564 0000012c T mbedtls_hmac_drbg_update_ret
0018a690 0000010c t hmac_drbg_reseed_core
0018a79c 00000074 T mbedtls_hmac_drbg_seed_buf
0018a810 00000148 T mbedtls_hmac_drbg_random_with_add
0018a958 0000001c T mbedtls_hmac_drbg_random
0018a974 0000002c T mbedtls_hmac_drbg_free
0018a9a0 0000000c T mbedtls_md_list
0018a9ac 00000020 T mbedtls_md_info_from_type
0018a9cc 00000014 T mbedtls_md_init
0018a9e0 000000b8 T mbedtls_md_free
0018aa98 000000d4 T mbedtls_md_clone
0018ab6c 00000144 T mbedtls_md_setup
0018acb0 0000008c T mbedtls_md_starts
0018ad3c 0000006c T mbedtls_md_update
0018ada8 0000006c T mbedtls_md_finish
0018ae14 00000070 T mbedtls_md
0018ae84 00000150 T mbedtls_md_hmac_starts
0018afd4 00000030 T mbedtls_md_hmac_update
0018b004 000000ac T mbedtls_md_hmac_finish
0018b0b0 00000054 T mbedtls_md_hmac_reset
0018b104 0000000c T mbedtls_md_get_size
0018b110 0000000c T mbedtls_md_get_type
0018b11c 0000000c T mbedtls_md_get_name
0018b128 0000000c T mbedtls_md5_init
0018b134 00000010 T mbedtls_md5_free
0018b144 00000010 T mbedtls_md5_clone
0018b154 00000044 T mbedtls_md5_starts_ret
0018b198 00000b28 T mbedtls_internal_md5_process
0018bcc0 00000104 t mbedtls_md5_update_ret.part.0
0018bdc4 00000020 T mbedtls_md5_update_ret
0018bde4 00000130 T mbedtls_md5_finish_ret
0018bf18 00000088 T mbedtls_md5_ret
0018bfa0 00000068 T mbedtls_oid_get_attr_short_name
0018c008 00000068 T mbedtls_oid_get_x509_ext_type
0018c070 00000068 T mbedtls_oid_get_extended_key_usage
0018c0d8 00000064 T mbedtls_oid_get_certificate_policies
0018c13c 00000068 T mbedtls_oid_get_sig_alg_desc
0018c1a4 00000074 T mbedtls_oid_get_sig_alg
0018c218 00000068 T mbedtls_oid_get_pk_alg
0018c280 0000004c T mbedtls_oid_get_oid_by_pk_alg
0018c2cc 00000068 T mbedtls_oid_get_ec_grp
0018c334 0000004c T mbedtls_oid_get_oid_by_ec_grp
0018c380 00000068 T mbedtls_oid_get_cipher_alg
0018c3e8 00000068 T mbedtls_oid_get_md_alg
0018c450 0000004c T mbedtls_oid_get_oid_by_md
0018c49c 00000068 T mbedtls_oid_get_md_hmac
0018c504 00000074 T mbedtls_oid_get_pkcs12_pbe_alg
0018c578 00000158 T mbedtls_oid_get_numeric_string
0018c6d0 00000160 t pem_pbkdf1
0018c830 0000009c t pem_des3_decrypt
0018c8cc 000000a0 t pem_aes_decrypt
0018c96c 00000014 T mbedtls_pem_init
0018c980 000006d4 T mbedtls_pem_read_buffer
0018d054 0000003c T mbedtls_pem_free
0018d090 00000010 T mbedtls_pk_init
0018d0a0 00000034 T mbedtls_pk_free
0018d0d4 00000020 T mbedtls_pk_info_from_type
0018d0f4 00000054 T mbedtls_pk_setup
0018d148 00000028 T mbedtls_pk_can_do
0018d170 000000b4 T mbedtls_pk_verify_restartable
0018d224 0000002c T mbedtls_pk_verify
0018d250 00000164 T mbedtls_pk_verify_ext
0018d3b4 000000d0 T mbedtls_pk_sign_restartable
0018d484 0000003c T mbedtls_pk_sign
0018d4c0 00000054 T mbedtls_pk_decrypt
0018d514 00000054 T mbedtls_pk_encrypt
0018d568 00000028 T mbedtls_pk_get_bitlen
0018d590 00000044 T mbedtls_pk_debug
0018d5d4 00000028 T mbedtls_pk_get_name
0018d5fc 00000018 T mbedtls_pk_get_type
0018d614 00000014 t rsa_can_do
0018d628 0000003c t rsa_debug
0018d664 00000014 t eckey_can_do
0018d678 00000008 t eckey_get_bitlen
0018d680 00000020 t eckey_debug
0018d6a0 00000014 t eckeydh_can_do
0018d6b4 00000010 t ecdsa_can_do
0018d6c4 00000018 t rsa_free_wrap
0018d6dc 0000002c t rsa_alloc_wrap
0018d708 00000004 t rsa_check_pair_wrap
0018d70c 00000070 t rsa_encrypt_wrap
0018d77c 00000070 t rsa_decrypt_wrap
0018d7ec 00000054 t rsa_sign_wrap
0018d840 00000080 t rsa_verify_wrap
0018d8c0 00000068 t rsa_get_bitlen
0018d928 00000018 t eckey_free_wrap
0018d940 00000024 t eckey_alloc_wrap
0018d964 00000004 t eckey_check_pair
0018d968 00000024 t ecdsa_alloc_wrap
0018d98c 00000018 t ecdsa_free_wrap
0018d9a4 00000004 t ecdsa_sign_wrap
0018d9a8 00000084 t eckey_sign_wrap
0018da2c 00000038 t ecdsa_verify_wrap
0018da64 0000007c t eckey_verify_wrap
0018dae0 00000154 t pk_get_rsapubkey
0018dc34 00000038 t asn1_get_nonzero_mpi
0018dc6c 0000009c t pk_get_pk_alg
0018dd08 000004ac t pk_use_ecparams
0018e1b4 000002b8 t pk_parse_key_sec1_der
0018e46c 00000324 t pk_parse_key_pkcs1_der
0018e790 000001cc t pk_parse_key_pkcs8_unencrypted_der
0018e95c 000001d4 t pk_parse_key_pkcs8_encrypted_der
0018eb30 0000010c T mbedtls_pk_load_file
0018ec3c 000001dc T mbedtls_pk_parse_subpubkey
0018ee18 00000408 T mbedtls_pk_parse_key
0018f220 000000a4 T mbedtls_pk_parse_keyfile
0018f2c4 00000084 t pk_write_ec_pubkey
0018f348 000001a4 T mbedtls_pk_write_pubkey
0018f4ec 000001b8 T mbedtls_pk_write_pubkey_der
0018f6a4 0000001c T mbedtls_platform_zeroize
0018f6c0 00000060 T mbedtls_platform_gmtime_r
0018f720 0000000c T mbedtls_ripemd160_init
0018f72c 00000010 T mbedtls_ripemd160_free
0018f73c 00000010 T mbedtls_ripemd160_clone
0018f74c 00000050 T mbedtls_ripemd160_starts_ret
0018f79c 00001e5c T mbedtls_internal_ripemd160_process
001915f8 00000104 t mbedtls_ripemd160_update_ret.part.0
001916fc 00000020 T mbedtls_ripemd160_update_ret
0019171c 00000114 T mbedtls_ripemd160_finish_ret
00191830 00000094 T mbedtls_ripemd160_ret
001918c4 00000118 t mgf_mask
001919dc 000001cc t rsa_rsassa_pkcs1_v15_encode
00191ba8 00000074 t mbedtls_rsa_free.part.0
00191c1c 00000130 t rsa_check_context.isra.0
00191d4c 000000c8 T mbedtls_rsa_import
00191e14 000000d4 T mbedtls_rsa_import_raw
00191ee8 0000028c T mbedtls_rsa_complete
00192174 00000160 T mbedtls_rsa_export
001922d4 00000028 T mbedtls_rsa_init
001922fc 00000008 T mbedtls_rsa_get_len
00192304 0000007c T mbedtls_rsa_check_pubkey
00192380 000000a4 T mbedtls_rsa_check_privkey
00192424 0000005c T mbedtls_rsa_check_pub_priv
00192480 000000f4 T mbedtls_rsa_public
00192574 000008e0 T mbedtls_rsa_private
00192e54 000002b4 t rsa_rsassa_pss_sign
00193108 00000238 T mbedtls_rsa_rsaes_oaep_encrypt
00193340 000001c8 T mbedtls_rsa_rsaes_pkcs1_v15_encrypt
00193508 00000060 T mbedtls_rsa_pkcs1_encrypt
00193568 00000260 T mbedtls_rsa_rsaes_oaep_decrypt
001937c8 000000d4 T mbedtls_rsa_rsaes_pkcs1_v15_decrypt
0019389c 0000006c T mbedtls_rsa_pkcs1_decrypt
00193908 000001b4 T mbedtls_rsa_rsassa_pkcs1_v15_sign
00193abc 00000068 T mbedtls_rsa_pkcs1_sign
00193b24 000002a8 T mbedtls_rsa_rsassa_pss_verify_ext
00193dcc 00000170 T mbedtls_rsa_rsassa_pkcs1_v15_verify
00193f3c 00000080 T mbedtls_rsa_pkcs1_verify
00193fbc 0000000c T mbedtls_rsa_free
00193fc8 00000308 T mbedtls_rsa_deduce_primes
001942d0 00000134 T mbedtls_rsa_deduce_private_exponent
00194404 000001c0 T mbedtls_rsa_validate_crt
001945c4 000002f4 T mbedtls_rsa_validate_params
001948b8 000000d0 T mbedtls_rsa_deduce_crt
00194988 0000000c T mbedtls_sha1_init
00194994 00000010 T mbedtls_sha1_free
001949a4 00000010 T mbedtls_sha1_clone
001949b4 00000050 T mbedtls_sha1_starts_ret
00194a04 00001368 T mbedtls_internal_sha1_process
00195d6c 00000104 t mbedtls_sha1_update_ret.part.0
00195e70 00000020 T mbedtls_sha1_update_ret
00195e90 0000015c T mbedtls_sha1_finish_ret
00195ff0 00000094 T mbedtls_sha1_ret
00196084 0000000c T mbedtls_sha256_init
00196090 00000010 T mbedtls_sha256_free
001960a0 00000010 T mbedtls_sha256_clone
001960b0 000000c8 T mbedtls_sha256_starts_ret
00196178 000009c0 T mbedtls_internal_sha256_process
00196b38 00000104 t mbedtls_sha256_update_ret.part.0
00196c3c 00000020 T mbedtls_sha256_update_ret
00196c5c 000001d4 T mbedtls_sha256_finish_ret
00196e30 00000120 T mbedtls_sha256_ret
00196f50 0000000c T mbedtls_sha512_init
00196f5c 00000010 T mbedtls_sha512_free
00196f6c 00000010 T mbedtls_sha512_clone
00196f80 00000110 T mbedtls_sha512_starts_ret
00197090 00000d08 T mbedtls_internal_sha512_process
00197d98 00000110 t mbedtls_sha512_update_ret.part.0
00197ea8 00000020 T mbedtls_sha512_update_ret
00197ec8 0000034c T mbedtls_sha512_finish_ret
00198218 00000178 T mbedtls_sha512_ret
00198390 0000000c T mbedtls_version_get_number
0019839c 00000348 t aes_gen_tables
001986e4 00000058 t mbedtls_gf128mul_x_ble
0019873c 0000000c T mbedtls_aes_init
00198748 00000010 T mbedtls_aes_free
00198758 00000028 T mbedtls_aes_xts_init
00198780 00000024 T mbedtls_aes_xts_free
001987a4 000002d4 T mbedtls_aes_setkey_enc
00198a78 00000190 T mbedtls_aes_setkey_dec
00198c08 0000005c T mbedtls_aes_xts_setkey_enc
00198c64 0000005c T mbedtls_aes_xts_setkey_dec
00198cc0 000004fc T mbedtls_internal_aes_encrypt
001991bc 00000500 T mbedtls_internal_aes_decrypt
001996bc 0000002c T mbedtls_aes_crypt_ecb
001996e8 00000154 T mbedtls_aes_crypt_cbc
0019983c 00000224 T mbedtls_aes_crypt_xts
00199a60 000000e0 T mbedtls_aes_crypt_cfb128
00199b40 00000084 T mbedtls_aes_crypt_ofb
00199bc4 000000ac T mbedtls_aes_crypt_ctr
00199c70 0000000c T mbedtls_arc4_init
00199c7c 00000010 T mbedtls_arc4_free
00199c8c 00000088 T mbedtls_arc4_setup
00199d14 00000078 T mbedtls_arc4_crypt
00199d8c 00000188 T mbedtls_asn1_write_len
00199f14 00000024 T mbedtls_asn1_write_tag
00199f38 000000e0 T mbedtls_asn1_write_mpi
0019a018 00000088 T mbedtls_asn1_write_oid
0019a0a0 000000d4 T mbedtls_asn1_write_algorithm_identifier_ext
0019a174 00000024 T mbedtls_asn1_write_algorithm_identifier
0019a198 00000248 T mbedtls_base64_decode
0019a3e0 00000098 t blowfish_enc
0019a478 00000010 T mbedtls_blowfish_init
0019a488 00000014 T mbedtls_blowfish_free
0019a49c 000001a0 T mbedtls_blowfish_setkey
0019a63c 000000e0 T mbedtls_blowfish_crypt_ecb
0019a71c 0000012c T mbedtls_blowfish_crypt_cbc
0019a848 000000e8 T mbedtls_blowfish_crypt_cfb64
0019a930 000000b0 T mbedtls_blowfish_crypt_ctr
0019a9e0 000000c8 t camellia_feistel
0019aaa8 0000000c T mbedtls_camellia_init
0019aab4 00000010 T mbedtls_camellia_free
0019aac4 0000066c T mbedtls_camellia_setkey_enc
0019b130 0000011c T mbedtls_camellia_setkey_dec
0019b24c 00000178 T mbedtls_camellia_crypt_ecb
0019b3c4 0000014c T mbedtls_camellia_crypt_cbc
0019b510 000000e8 T mbedtls_camellia_crypt_cfb128
0019b5f8 000000b0 T mbedtls_camellia_crypt_ctr
0019b6a8 000004cc t ccm_auth_crypt
0019bb74 0000000c T mbedtls_ccm_init
0019bb80 00000070 T mbedtls_ccm_setkey
0019bbf0 00000020 T mbedtls_ccm_free
0019bc10 00000064 T mbedtls_ccm_encrypt_and_tag
0019bc74 0000009c T mbedtls_ccm_auth_decrypt
0019bd10 000003b8 t chacha20_block
0019c0c8 00000028 T mbedtls_chacha20_init
0019c0f0 00000010 T mbedtls_chacha20_free
0019c100 00000080 T mbedtls_chacha20_setkey
0019c180 00000044 T mbedtls_chacha20_starts
0019c1c4 000001a8 T mbedtls_chacha20_update
0019c36c 00000034 T mbedtls_chachapoly_init
0019c3a0 00000038 T mbedtls_chachapoly_free
0019c3d8 00000004 T mbedtls_chachapoly_setkey
0019c3dc 0000009c T mbedtls_chachapoly_starts
0019c478 0000010c T mbedtls_chachapoly_update
0019c584 0000010c T mbedtls_chachapoly_finish
0019c690 000000a0 T mbedtls_chachapoly_encrypt_and_tag
0019c730 000000d0 T mbedtls_chachapoly_auth_decrypt
0019c800 0000009c t derive_mpi
0019c89c 00000258 t ecdsa_sign_restartable.part.0
0019caf4 00000200 t ecdsa_verify_restartable.isra.0
0019ccf4 00000208 t ecdsa_sign_det_restartable.isra.0
0019cefc 00000128 T mbedtls_ecdsa_write_signature_restartable
0019d024 0000003c T mbedtls_ecdsa_write_signature
0019d060 00000100 T mbedtls_ecdsa_read_signature_restartable
0019d160 00000024 T mbedtls_ecdsa_read_signature
0019d184 0000005c T mbedtls_ecdsa_from_keypair
0019d1e0 00000004 T mbedtls_ecdsa_init
0019d1e4 0000000c T mbedtls_ecdsa_free
0019d1f0 00000414 T mbedtls_pkcs12_derivation
0019d604 000001a0 t pkcs12_pbe_derive_key_iv
0019d7a4 00000098 T mbedtls_pkcs12_pbe_sha1_rc4_128
0019d83c 000001f4 T mbedtls_pkcs12_pbe_ext
0019da30 00000054 T mbedtls_pkcs12_pbe
0019da84 000001e4 T mbedtls_pkcs5_pbkdf2_hmac
0019dc68 0000037c T mbedtls_pkcs5_pbes2_ext
0019dfe4 00000044 T mbedtls_pkcs5_pbes2
0019e028 00000228 t poly1305_process
0019e250 00000008 T mbedtls_poly1305_init
0019e258 00000010 T mbedtls_poly1305_free
0019e268 0000008c T mbedtls_poly1305_starts
0019e2f4 000000dc T mbedtls_poly1305_update
0019e3d0 00000134 T mbedtls_poly1305_finish
0019e504 00000130 t updatewindow
0019e634 0000005c t inflateStateCheck
0019e690 0000009c T inflateResetKeep
0019e72c 000000d0 T inflateReset2
0019e7fc 000000fc T inflateInit2_
0019e8f8 00000010 T inflateInit_
0019e908 000018cc T inflate
001a01d4 00000060 T inflateEnd
001a0234 000004f0 T inflate_table
001a0724 0000000c T zlibVersion
001a0730 00000008 T zcalloc
001a0738 00000008 T zcfree
001a0740 00000360 T adler32_z
001a0aa0 00000004 T adler32
001a0aa4 0000038c T crc32_z
001a0e30 00000004 T crc32
001a0e34 000005b0 T inflate_fast
001a13e4 00000024 t addrMapNodeComparator(rbtree_node const*, rbtree_node const*)
001a1408 00000004 t addrMapNodeDestructor(rbtree_node*)
001a140c 0000012c T linearMemAlign
001a1538 00000008 T linearAlloc
001a1540 0000005c T linearFree
001a159c 0000000c T linearSpaceFree
001a15a8 00000088 T MemPool::CoalesceRight(MemBlock*)
001a1630 00000178 T MemPool::Allocate(MemChunk&, unsigned long, int)
001a17a8 00000118 T MemPool::Deallocate(MemChunk const&)
001a18c0 00000030 T MemPool::GetFreeSpace()
001a18f0 00000024 t addrMapNodeComparator(rbtree_node const*, rbtree_node const*)
001a1914 00000004 t addrMapNodeDestructor(rbtree_node*)
001a1918 00000248 T vramMemAlignAt
001a1b60 0000000c T vramAlloc
001a1b6c 0000000c T vramAllocAt
001a1b78 00000094 T vramFree
001a1c0c 0000009c T fontEnsureMapped
001a1ca8 0000007c T fontFixPointers
001a1d24 00000100 T fontGlyphIndexFromCodePoint
001a1e24 00000214 T fontCalcGlyphPos
001a2038 000000cc t gfxPresentFramebuffer
001a2104 0000001c T gfxIsWide
001a2120 000000f8 T gfxSetScreenFormat
001a2218 000000d8 T gfxInit
001a22f0 00000010 T gfxInitDefault
001a2300 000000b8 T gfxExit
001a23b8 000000a0 T gfxGetFramebuffer
001a2458 00000028 T gfxScreenSwapBuffers
001a2480 00000074 T osConvertVirtToPhys
001a24f4 00000054 T osGetTimeRef
001a2548 000000ec T osGetTime
001a2634 00000034 T __ctru_speedup_config
001a2668 00000008 t romfs_close
001a2670 000000ac t romfs_seek
001a271c 00000024 t romfs_dirreset
001a2740 000000c0 t fill_dir
001a2800 000002ac t romfs_dirnext
001a2aac 00000074 t romfs_free
001a2b20 000000d0 t searchForFile.constprop.0
001a2bf0 000000d4 t searchForDir.constprop.0
001a2cc4 000001c0 t navigateToDir.constprop.0
001a2e84 00000114 t romfs_open
001a2f98 0000004c t romfs_chdir
001a2fe4 00000068 t romfs_diropen
001a304c 00000178 t romfs_stat
001a31c4 00000008 t romfs_dirclose
001a31d0 0000007c t romfs_fstat
001a324c 000000d0 t romfs_read
001a331c 00000294 T romfsMountFromFile
001a35b0 00000098 T romfsMountFromCurrentProcess
001a3648 00000258 T romfsMountSelf
001a38a0 000000ac T romfsMountFromTitle
001a394c 000000a0 T romfsUnmount
001a39ec 0000000c T __sync_init
001a39f8 00000018 T __sync_fini
001a3a10 00000028 T syncArbitrateAddress
001a3a38 0000001c T LightLock_Init
001a3a54 000000ac T LightLock_Lock
001a3b00 00000040 T LightLock_Unlock
001a3b40 00000054 T RecursiveLock_Lock
001a3b94 00000054 T RecursiveLock_Unlock
001a3be8 00000044 T LightEvent_Init
001a3c2c 000000b8 T LightEvent_Clear
001a3ce4 000000dc T LightEvent_Signal
001a3dc0 00000050 T LightEvent_TryWait
001a3e10 000000ac T LightEvent_Wait
001a3ebc 000001fc T threadCreate
001a40b8 00000038 T threadFree
001a40f0 00000024 T threadJoin
001a4114 00000030 T threadGetCurrent
001a4144 00000040 T threadExit
001a4184 00000020 t _thread_begin
001a41a4 0000013c T GPUCMD_Add
001a42e0 000000b0 T GPUCMD_Split
001a4390 00000034 T f32tof16
001a43c4 00000034 T f32tof24
001a43f8 00000038 T f32tof31
001a4430 00000010 T GX_BindQueue
001a4440 0000007c T GX_ProcessCommandList
001a44bc 00000074 T GX_MemoryFill
001a4530 00000074 T GX_DisplayTransfer
001a45a4 00000064 t gxCmdQueueDoCommands.part.0
001a4608 000000e4 T gxCmdQueueInterrupt
001a46ec 00000068 T gxCmdQueueClear
001a4754 00000108 T gxCmdQueueAdd
001a485c 00000080 T gxCmdQueueRun
001a48dc 00000064 T gxCmdQueueStop
001a4940 000000ac T gxCmdQueueWait
001a49ec 000001e0 T shaderInstanceInit
001a4bcc 00000018 T shaderInstanceGetUniformLocation
001a4be4 0000001c T shaderProgramInit
001a4c00 00000074 T shaderProgramFree
001a4c74 00000094 T shaderProgramSetVsh
001a4d08 000008d0 T shaderProgramConfigure
001a55d8 000001dc t DVLE_GenerateOutmap.part.0
001a57b4 000001ac T DVLB_ParseFile
001a5960 00000050 T DVLB_Free
001a59b0 00000074 T DVLE_GetUniformRegister
001a5a24 00000158 t ndspUpdateMaster
001a5b80 00000108 t ndspFinalize
001a5c88 0000025c t ndspInitialize.part.0
001a5ee4 00000108 t ndspHookCallback
001a5ff0 00000318 t ndspThreadMain
001a6308 000003f0 T ndspInit
001a66f8 000000d8 T ndspExit
001a67d0 0000003c T ndspSetMasterVol
001a680c 00000034 T ndspSetOutputMode
001a6840 00000034 T ndspSetOutputCount
001a6874 00000010 T ndspSetCallback
001a6884 000000e0 T ndspChnReset
001a6964 00000018 T ndspChnIsPlaying
001a697c 00000018 T ndspChnSetFormat
001a6994 00000050 T ndspChnSetPaused
001a69e4 00000050 T ndspChnSetInterp
001a6a34 00000060 T ndspChnSetRate
001a6a94 00000080 T ndspChnSetMix
001a6b14 000000c8 T ndspChnWaveBufAdd
001a6bdc 00000040 T ndspiInitChn
001a6c1c 0000002c T ndspiDirtyChn
001a6c48 0000043c T ndspiUpdateChn
001a7084 00000180 T ndspiReadChnState
001a7204 00000180 t aptConvertScreenForCapture
001a7384 00000138 T aptSendCommand
001a74c0 00000044 t aptExitProcess
001a7504 00000394 T aptExit
001a7898 000000d8 T aptHandleSleep
001a7970 00000034 T aptHook
001a79a4 00000030 T aptUnhook
001a79d4 00000084 T APT_SleepIfShellClosed
001a7a58 00000078 T aptSetSleepAllowed
001a7ad0 00000084 T APT_UnlockTransition
001a7b58 00000470 t aptEventHandler
001a7fc8 000000bc T APT_ReceiveParameter
001a8084 000000b0 t aptReceiveParameter.constprop.0
001a8138 00000294 t aptScreenTransfer
001a83cc 000002d0 t aptWaitForWakeUp.isra.0
001a869c 000000f4 T aptJumpToHomeMenu
001a8790 00000058 T aptMainLoop
001a87e8 00000240 T aptInit
001a8a28 00000090 T APT_CheckNew3DS
001a8ab8 00000048 T APT_GetSharedFont
001a8b00 000000a8 T cfguInit
001a8ba8 0000003c T cfguExit
001a8be4 00000038 T CFGU_SecureInfoGetRegion
001a8c1c 0000004c T CFGU_GetConfigInfoBlk2
001a8c68 000000a4 t DSP_LoadComponent.part.0
001a8d0c 000000fc T dspInit
001a8e08 0000008c T dspExit
001a8e94 00000024 T dspHook
001a8eb8 00000030 T dspUnhook
001a8ee8 000000b4 T aptDspSleep
001a8f9c 000000b4 T aptDspWakeup
001a9050 00000044 T aptDspCancel
001a9094 00000050 T DSP_FlushDataCache
001a90e4 00000034 T DSP_SetSemaphore
001a9118 00000034 T DSP_SetSemaphoreMask
001a914c 00000038 T DSP_GetSemaphoreHandle
001a9184 0000003c T DSP_LoadComponent
001a91c0 00000044 T DSP_RegisterInterruptEvents
001a9204 00000078 T DSP_ReadPipeIfPossible
001a927c 0000004c T DSP_WriteProcessPipe
001a92c8 00000044 T DSP_ConvertProcessAddressFromDspDram
001a930c 00000044 T DSP_RecvData
001a9350 00000050 T DSP_RecvDataIsReady
001a93a0 00000104 T fsInit
001a94a4 0000003c T fsExit
001a94e0 00000068 T fsExemptFromSession
001a9548 00000050 T fsUnexemptFromSession
001a9598 000000a0 T fsMakePath
001a9638 000000cc T FSUSER_OpenFile
001a9704 000000cc T FSUSER_OpenFileDirectly
001a97d0 000000b8 T FSUSER_DeleteFile
001a9888 000000f4 T FSUSER_RenameFile
001a997c 000000b8 T FSUSER_DeleteDirectory
001a9a34 000000d0 T FSUSER_CreateFile
001a9b04 000000c0 T FSUSER_CreateDirectory
001a9bc4 000000f4 T FSUSER_RenameDirectory
001a9cb8 000000b4 T FSUSER_OpenDirectory
001a9d6c 00000090 T FSUSER_OpenArchive
001a9dfc 0000008c T FSUSER_CloseArchive
001a9e88 00000074 T FSUSER_GetSdmcArchiveResource
001a9efc 00000064 T FSUSER_IsSdmcWritable
001a9f60 00000064 T FSFILE_Read
001a9fc4 0000006c T FSFILE_Write
001aa030 00000044 T FSFILE_GetSize
001aa074 00000028 T FSFILE_SetSize
001aa09c 0000003c T FSFILE_Close
001aa0d8 00000024 T FSFILE_Flush
001aa0fc 00000060 T FSDIR_Read
001aa15c 0000003c T FSDIR_Close
001aa198 00000c70 t gspHardwareInit
001aae08 00000288 T gspInit
001ab090 00000104 T gspExit
001ab194 00000010 T gspHasGpuRight
001ab1a4 000000a4 T gspPresentBuffer
001ab248 00000030 T gspSetEventCallback
001ab278 00000050 T gspWaitForEvent
001ab2c8 0000004c T gspWaitForAnyEvent
001ab314 00000154 t gspEventThreadMain
001ab468 0000012c T gspSubmitGxCommand
001ab594 00000050 T GSPGPU_FlushDataCache
001ab5e4 00000034 T GSPGPU_SetLcdForceBlack
001ab618 00000084 T GSPGPU_AcquireRight
001ab69c 00000064 T GSPGPU_ReleaseRight
001ab700 0000007c T GSPGPU_ImportDisplayCaptureInfo
001ab77c 0000002c T GSPGPU_SaveVramSysArea
001ab7a8 0000002c T GSPGPU_RestoreVramSysArea
001ab7d4 00000024 W hidShouldUseIrrst
001ab7f8 000001cc T hidInit
001ab9c4 000000e8 T hidExit
001abaac 000002a0 T hidScanInput
001abd4c 00000010 T hidKeysHeld
001abd5c 00000010 T hidKeysDown
001abd6c 00000200 T httpcInit
001abf6c 000000bc T httpcExit
001ac028 00000170 T httpcOpenContext
001ac198 00000040 T httpcCloseContext
001ac1d8 00000134 T httpcDownloadData
001ac30c 0000008c T httpcAddRequestHeaderField
001ac398 00000030 T httpcBeginRequest
001ac3c8 0000003c T httpcGetResponseStatusCode
001ac404 00000034 T httpcSetSSLOpt
001ac438 000001a4 T irrstInit
001ac5dc 000000dc T irrstExit
001ac6b8 000000b4 T irrstScanInput
001ac76c 00000024 T irrstKeysHeld
001ac790 00000078 T ptmSysmInit
001ac808 0000003c T ptmSysmExit
001ac844 00000034 T PTMSYSM_ConfigureNew3DSCPU
001ac878 00000048 T sslcGenerateRandomData
001ac8c0 000001e8 T accept
001acaa8 00000174 T bind
001acc1c 0000003c T _net_convert_error
001acc58 00000174 T connect
001acdcc 0000015c T fcntl
001acf28 00000024 T freeaddrinfo
001acf4c 000002cc T getaddrinfo
001ad218 00000044 T gethostname
001ad25c 0000017c T getpeername
001ad3d8 0000017c T getsockname
001ad554 00000088 T inet_ntop
001ad5dc 00000070 T inet_pton
001ad64c 00000034 t soc_read
001ad680 00000034 t soc_write
001ad6b4 000000b0 t soc_close
001ad764 00000190 T socInit
001ad8f4 00000088 T socExit
001ad97c 00000108 T listen
001ada84 00000248 T poll
001adccc 00000020 T recv
001adcec 00000148 T socuipc_cmd7
001ade34 00000168 T socuipc_cmd8
001adf9c 00000010 T soc_recvfrom
001adfac 000000a4 T recvfrom
001ae050 00000020 T send
001ae070 0000015c T socuipc_cmd9
001ae1cc 00000160 T socuipc_cmda
001ae32c 00000010 T soc_sendto
001ae33c 000000a4 T sendto
001ae3e0 0000016c T socket
001ae54c 000000e0 t buffer_read
001ae62c 00000164 t iov_memmove
001ae790 00000418 t decompress_lz11
001aeba8 00000110 T decompressV_LZ11
001aecb8 00000074 T rbtree_find
001aed2c 00000010 T rbtree_init
001aed3c 00000198 t do_insert
001aeed4 00000008 T rbtree_insert
001aeedc 00000310 T rbtree_remove
001af1ec 00000090 T rbtree_rotate
001af27c 00000140 T decode_utf8
001af3bc 000000e8 T utf16_to_utf8
001af4a4 000000c0 T utf8_to_utf16
001af568 000001e8 W __system_allocateHeaps
001af750 00000038 W __libctru_init
001af788 0000016c W __system_initArgv
001af8f4 00000030 T __syscall_getreent
001af924 000000c4 T __syscall_clock_gettime
001af9e8 00000064 T __syscall_gettod_r
001afa4c 00000004 T __syscall_lock_acquire
001afa50 00000004 T __syscall_lock_release
001afa54 00000004 T __syscall_lock_acquire_recursive
001afa58 00000004 T __syscall_lock_release_recursive
001afa5c 00000004 T __syscall_exit
001afa60 00000054 T initThreadVars
001afab4 00000080 T __system_initSyscalls
001afb34 T svcControlMemory
001afb54 T svcQueryMemory
001afb84 T svcExitProcess
001afb8c T svcCreateThread
001afbac T svcExitThread
001afbb4 T svcSleepThread
001afbbc T svcReleaseMutex
001afbc4 T svcCreateEvent
001afbd8 T svcSignalEvent
001afbe0 T svcClearEvent
001afbe8 T svcCreateMemoryBlock
001afc00 T svcMapMemoryBlock
001afc08 T svcUnmapMemoryBlock
001afc10 T svcCreateAddressArbiter
001afc24 T svcArbitrateAddressNoTimeout
001afc2c T svcCloseHandle
001afc34 T svcWaitSynchronization
001afc3c T svcWaitSynchronizationN
001afc64 T svcDuplicateHandle
001afc78 T svcGetSystemTick
001afc80 T svcGetSystemInfo
001afc98 T svcConnectToPort
001afcac T svcSendSyncRequest
001afcb4 T svcGetResourceLimit
001afcc8 T svcGetResourceLimitLimitValues
001afcd0 T svcGetResourceLimitCurrentValues
001afcd8 T svcBreak
001afce0 T __aeabi_read_tp
001afcec W initSystem
001afd3c W __ctru_exit
001afd50 0000008c W envGetHandle
001afddc 00000050 W envDestroyHandles
001afe2c 00000164 T srvInit
001aff90 00000064 T srvExit
001afff4 00000060 T srvEnableNotification
001b0054 000000a0 T srvGetServiceHandleDirect
001b00f4 00000048 T srvGetServiceHandle
001b013c 00000034 T srvSubscribe
001b0170 00000060 T srvReceiveNotification
001b01d0 00000038 T srvPublishToSubscriber
001b0208 00000090 t mappableFindAddressWithin
001b0298 00000028 T mappableInit
001b02c0 0000007c T mappableAlloc
001b033c 00000004 T mappableFree
001b0340 0000000c T srvPmGetSessionHandle
001b034c 00000050 T gethostid
001b039c 00000060 T rbtree_node_next
001b03fc 00000054 T decode_utf16
001b0450 00000054 T encode_utf16
001b04a4 000000e0 T encode_utf8
001b0584 00000030 W __appExit
001b05b4 00000030 W __appInit
001b05e4 00000090 W __libctru_exit
001b0674 00000024 t error_cmp
001b0698 00000050 t archive_translate_error
001b06e8 000000c0 t archive_seek
001b07a8 00000078 t _archiveInit.part.0
001b0820 00000110 t archiveFindDevice.part.0
001b0930 00000298 t archive_utf16path
001b0bc8 00000098 t _archiveUnmountDeviceStruct.part.0
001b0c60 00000178 t _archiveMountDevice
001b0dd8 000000f8 t archive_diropen
001b0ed0 000000ac t archive_fstat
001b0f7c 00000074 t archive_fsync
001b0ff0 00000074 t archive_close
001b1064 00000078 t archive_dirclose
001b10dc 000000ec t sdmc_statvfs
001b11c8 000000f8 t archive_chdir
001b12c0 0000008c t archive_ftruncate
001b134c 000000bc t archive_read
001b1408 000000a8 t archive_unlink
001b14b0 000000c0 t archive_rmdir
001b1570 000000d8 t archive_mkdir
001b1648 000001a0 t archive_stat
001b17e8 00000164 t archive_dirnext
001b194c 0000013c t archive_write
001b1a88 00000254 t archive_open
001b1cdc 00000270 t archive_rename
001b1f4c 000001c8 T archiveMountSdmc
001b2114 00000054 T archiveUnmountAll
001b2168 000000c0 T ceilf
001b2228 0000002c T __aeabi_d2lz
001b2228 0000002c T __fixdfdi
001b2258 00000040 T __aeabi_d2ulz
001b2258 00000040 T __fixunsdfdi
001b2298 00000130 T __udivmoddi4
001b23c8 000000e4 T strncat
001b24ac 00000034 T ftell
001b24e0 000000bc T strcat
001b259c 00000028 T fstat
001b25c4 00000024 T getenv
001b25e8 00000078 T sscanf
001b2660 00000130 t critical_factorization
001b2790 0000033c t two_way_long_needle
001b2acc 00000238 T strstr
001b2d04 00000128 T memcpy
001b2e2c 0000005c T __assert_func
001b2e88 0000008c T strlen
001b2f14 00000334 T _fread_r
001b3248 00000038 T fread
001b3280 00000078 T bsearch
001b32f8 000000b8 T fputc
001b33b0 00000040 T open
001b33f0 00000050 t get_arg
001b3440 00002b88 T __ssvfscanf_r
001b5fc8 00000134 T _fopen_r
001b60fc 00000028 T fopen
001b6124 00000060 t sulp
001b6188 00001428 T _strtod_l
001b75b0 00000044 T _strtod_r
001b75f4 00000020 T close
001b7614 0000001c T gmtime
001b7630 00000028 T memalign
001b7658 00000264 t _strtoull_l.isra.0
001b78bc 00000038 T _strtoull_r
001b78f4 00000028 T gettimeofday
001b791c 000000f4 t rshift
001b7a10 000008b4 T __gethex
001b82c4 000000a0 T snprintf
001b8364 000000c0 T fileno
001b8424 000001ec t _strtoul_l.isra.0
001b8610 00000038 T _strtoul_r
001b8648 0000003c T strtoul
001b8684 0000003c T fiprintf
001b86c0 000000c4 T _mbrtowc_r
001b8784 00000140 T strchr
001b88c4 000000d8 T memcmp
001b899c 00000198 T _fgets_r
001b8b34 00000030 T fgets
001b8b64 00000028 T calloc
001b8b8c 00000048 T access
001b8bd4 000000f8 T __sccl
001b8ccc 0000016c T _memalign_r
001b8e38 0000000c T __errno
001b8e44 00000014 T abort
001b8e58 00000164 T __smakebuf_r
001b8fbc 00000030 T lseek
001b8fec 0000047c t _strtoll_l.isra.0
001b9468 00000038 T _strtoll_r
001b94a0 0000003c T strtoll
001b94dc 000000f0 T strcpy
001b95cc 00000024 T __locale_mb_cur_max
001b95f0 000000e4 T memset
001b96d4 000000d8 T _calloc_r
001b97ac 0000022c T __sflush_r
001b99d8 000000c4 T _fflush_r
001b9a9c 00000044 T fflush
001b9ae0 00000088 T _vsnprintf_r
001b9b68 00000038 T vsnprintf
001b9ba0 00000104 T _fwrite_r
001b9ca4 00000038 T fwrite
001b9cdc 00000028 T realloc
001b9d04 00000080 T strcspn
001b9d84 000008e8 T qsort
001ba66c 000001c4 T _ftello_r
001ba830 00000150 T _fdopen_r
001ba980 00000028 T fdopen
001ba9a8 000000fc T _putc_r
001baaa4 0000082c T _malloc_r
001bb2d0 00000124 T __swbuf_r
001bb3f4 00000010 T getpid
001bb404 00000114 T _malloc_trim_r
001bb518 00000314 T _free_r
001bb82c 0000005c T strspn
001bb888 00000050 t get_arg
001bb8d8 000000e4 T _sungetc_r
001bb9bc 0000006c T __ssrefill_r
001bba28 000000b4 T _sfread_r
001bbadc 000022c4 T __ssvfiscanf_r
001bdda0 0000001c t stdio_exit_handler
001bddbc 0000005c t cleanup_stdio
001bde18 00000154 t global_stdio_init.part.0
001bdf6c 00000138 T __sfp
001be0a4 0000005c T __sinit
001be100 0000000c T __sfp_lock_acquire
001be10c 0000000c T __sfp_lock_release
001be118 0000000c T atoi
001be124 00000384 t _strtol_l.part.0
001be4a8 0000006c T _strtol_r
001be514 00000074 T strtol
001be588 00000084 T __libc_init_array
001be60c 00000028 T rename
001be634 000000d4 T strncpy
001be708 0000001c T _fseek_r
001be724 00000034 T fseek
001be758 00000040 T malloc
001be798 00000020 T free
001be7b8 000000e8 T memchr
001be8a0 00000028 T _wcsrtombs_r
001be8c8 00000048 T strrchr
001be910 00000030 T write
001be940 00000140 T __swsetup_r
001bea80 000000dc T _findenv_r
001beb5c 00000018 T _getenv_r
001beb74 00000070 T stpcpy
001bebe4 00000024 T _localeconv_r
001bec08 00000044 T __sread
001bec4c 00000008 T __seofread
001bec54 00000068 T __swrite
001becbc 00000040 T __sseek
001becfc 00000008 T __sclose
001bed04 000001a8 T memmove
001beeac 000004f0 T _realloc_r
001bf39c 00000020 T strdup
001bf3bc 0000000c T __malloc_lock
001bf3c8 0000000c T __malloc_unlock
001bf3d4 00000588 T _fseeko_r
001bf95c 00000030 T fseeko
001bf98c 00000148 T _fclose_r
001bfad4 00000020 T fclose
001bfaf4 00000048 T time
001bfb3c 0000003c T fprintf
001bfb78 00000030 T read
001bfba8 00000004 W __call_exitprocs
001bfbac 00000030 T exit
001bfbdc 000005e0 t get_arg
001c01c0 0000345c T _svfprintf_r
001c361c 000000b8 T __sflags
001c36d4 00000028 T stat
001c36fc 000000f8 T __utf8_wctomb
001c37f4 0000003c T __libc_fini_array
001c3830 0000003c T strnlen
001c386c 0000025c T gmtime_r
001c3ac8 0000002c T rewind
001c3af4 000005e0 t get_arg
001c40d4 000022f8 T _vfiprintf_r
001c63cc 000000b4 t __sbprintf
001c6480 000000d8 T strncmp
001c6558 000000a0 T __xpg_strerror_r
001c65f8 0000015c T _wcsnrtombs_l
001c6754 00000064 T _wcsnrtombs_r
001c67b8 00000070 T __match
001c6828 000002a8 T __hexnan
001c6ad0 00000068 T sprintf
001c6b38 000000bc T __strtok_r
001c6bf4 00000008 T strtok_r
001c6bfc 00000140 t iso_year_adjust
001c6d3c 00001118 t __strftime.isra.0
001c7e54 00000038 T strftime
001c7e8c 00000020 T unlink
001c7eac 00000038 t lflush
001c7ee4 000001a8 T __srefill_r
001c8090 00000010 T nan
001c80a0 0000000c T nanf
001c80b0 00000088 T frexp
001c8138 000000dc T stpncpy
001c8214 0000000c T __env_lock
001c8220 0000000c T __env_unlock
001c822c 00000054 T _strdup_r
001c8280 00000008 T iswspace
001c8288 00000088 T _Balloc
001c8310 0000001c T _Bfree
001c832c 000000f4 T __multadd
001c8420 0000010c T __s2b
001c852c 00000080 T __hi0bits
001c85ac 000000f0 T __lo0bits
001c869c 000000a4 T __i2b
001c8740 00000230 T __multiply
001c8970 00000130 T __pow5mult
001c8aa0 00000138 T __lshift
001c8bd8 00000058 T __mcmp
001c8c30 00000218 T __mdiff
001c8e48 00000068 T __ulp
001c8eb0 000000d4 T __b2d
001c8f84 00000120 T __d2b
001c90a4 00000078 T __ratio
001c911c 0000008c T __copybits
001c91a8 0000005c T __any_on
001c9204 0000000c T abs
001c9210 00000070 T _fwalk_sglue
001c9280 000005e0 t get_arg
001c9860 00003554 T _vfprintf_r
001ccdb4 000000b4 t __sbprintf
001cce68 000000a0 T _wcrtomb_r
001ccf08 000005e0 t get_arg
001cd4e8 0000226c T _svfiprintf_r
001cf754 000000b8 T __submore
001cf80c 000000a4 T __ssprint_r
001cf8b0 00000340 T __utf8_mbtowc
001cfbf0 000004a4 T __sfvwrite_r
001d0094 0000000c T __tz_lock
001d00a0 0000000c T __tz_unlock
001d00ac 0000009c T _raise_r
001d0148 00000020 T raise
001d0168 00000410 T _strerror_r
001d0578 0000000c T labs
001d0584 00000030 T __sprint_r
001d05b4 000001c0 t quorem
001d0778 00001420 T _dtoa_r
001d1b98 00000010 T _tzset_unlocked
001d1ba8 0000000c T __gettzinfo
001d1bb4 00000038 T iswspace_l
001d1bec 00000008 T _user_strerror
001d1bf4 0000012c T __ssputs_r
001d1d20 00000648 T _tzset_unlocked_r
001d2368 000000a0 T sniprintf
001d2408 00000090 T category
001d2498 00000258 T __tzcalc_limits
001d26f0 00000078 T siscanf
001d2768 00000020 T _exit
001d2788 00000140 T chdir
001d28c8 00000034 T clock_gettime
001d28fc 000001c8 T _concatenate_path
001d2ac4 00000070 t __dirnext
001d2b34 00000114 T opendir
001d2c48 00000098 T closedir
001d2ce0 000000f8 T readdir_r
001d2dd8 00000048 T readdir
001d2e20 00000080 T fchmod
001d2ea0 00000464 T fnmatch
001d3304 0000009c T _fstat_r
001d33a0 00000014 T _getpid_r
001d33b4 0000002c T __getreent
001d33e0 00000030 T _gettimeofday_r
001d3410 000000a0 T __release_handle
001d34b0 000000b0 T __alloc_handle
001d3560 00000058 T __get_handle
001d35b8 00000110 T _close_r
001d36c8 00000008 t null_write
001d36d0 00000018 T setDefaultDevice
001d36e8 00000098 T FindDevice
001d3780 00000024 T RemoveDevice
001d37a4 00000088 T AddDevice
001d382c 00000020 T GetDeviceOpTab
001d384c 00000008 T _isatty_r
001d3854 00000014 T _kill_r
001d3868 00000094 T _lseek_r
001d38fc 00000068 T mkdir
001d3964 0000001c W sched_yield
001d3980 000000c0 T _open_r
001d3a40 00000094 T _read_r
001d3ad4 00000088 T _rename_r
001d3b5c 00000078 W _sbrk_r
001d3bd4 00000080 T _stat_r
001d3c54 0000001c T __libc_lock_acquire
001d3c70 0000001c T __libc_lock_release
001d3c8c 0000001c T __libc_lock_acquire_recursive
001d3ca8 0000001c T __libc_lock_release_recursive
001d3cc4 00000078 T _unlink_r
001d3d3c 00000094 T _write_r
001d3dd0 T _fini
001d4000 000000b8 r g_scf_long.46
001d40b8 00000140 r g_scf_short.45
001d41f8 00000140 r g_scf_mixed.44
001d4338 00000048 r g_twid9.29
001d4380 00000018 r g_twid3.30
001d4398 00000060 r g_sec.22
001d43f8 000003c0 r g_win.21
001d47b8 0000000f r __func__.16
001d47c8 00000017 r __func__.17
001d47e0 00000016 r __func__.14
001d47f8 00000016 r __func__.13
001d4810 00000016 r __func__.15
001d4828 00000015 r __func__.12
001d4840 0000001e r __func__.9
001d4860 0000005a r halfrate.47
001d48bc 0000000c r g_hz.48
001d48c8 0000000a r g_preamp.40
001d48d4 0000000c r g_alloc_L2M1.25
001d48e0 00000006 r g_alloc_L2M1_lowrate.24
001d48e8 00000003 r g_alloc_L1.27
001d48ec 00000009 r g_alloc_L2M2.26
001d48f8 0000005c r g_bitalloc_code_tab.28
001d4954 00000054 r g_scf_partitions.43
001d49a8 00000010 r g_scfc_decode.42
001d49b8 00000018 r g_mod.41
001d49d0 00000010 r g_expfrac.39
001d49e0 00000040 r tabindex.38
001d4a20 00000020 r g_linbits.36
001d4a40 00000244 r g_drmp3_pow43
001d4c84 00000010 r tab33.35
001d4c94 0000001c r tab32.34
001d4cb0 00000038 r g_pan.33
001d4ce8 00000040 r g_aa.32
001d4d28 00000090 r g_mdct_window.31
001d4db8 000000d8 r g_deq_L12.23
001d4e90 00000026 r __func__.18
001d4eb8 0000001a r __func__.11
001d4ed4 00000025 r __func__.4
001d4efc 0000001c r __func__.3
001d4f18 0000002a r __func__.2
001d4f44 00000014 r __func__.20
001d4f58 0000008d r CSWTCH.348
001d4fe8 000010e8 r tabs.37
001d60d4 00000010 r C2Di_FontPaths
001dcf30 r .LC6
001e64ec r .LC2
001ecaa0 R render2d_shbin
001ecc2c 00000004 r depthFmtSizes
001ecc2c R render2d_shbin_end
001ecc30 00000005 r colorFmtSizes
001ecc38 00000010 r CSWTCH.11
001ecc48 0000000c r mimetable.0
001ecc54 00000010 r formtable.1
001ecc64 00000050 r ctts.2
001eccb4 00000006 r strnil.0
001eccbc 00000006 r null.1
001eccc4 00000025 r upper_digits
001eccec 00000025 r lower_digits
001ecd18 00000010 r tv_zero.1
001ecd28 00000030 r month_days_cumulative.0
001ecd58 0000033c r tz
001ed094 0000001c r weekday
001ed0b0 00000030 R Curl_month
001ed0e0 0000001c R Curl_wkday
001ed0fc 0000003f r alnum
001ed13c 00000018 r client_cew
001ed158 00000010 r tv_zero.1
001ed168 00000010 r KEY_NOTUSED.2
001ed178 00000100 r tolowermap
001ed278 00000100 r touppermap
001ed378 00000004 r CSWTCH.283
001ed37c 00000054 r protocols
001ed3d0 00000021 r badbytes.0
001ed3f4 00000011 r hexdigits
001ed408 00000074 r Curl_ssl_multi
001ed47c 00000024 r ALPN_SPEC_H11
001ed4a0 00000024 r ALPN_SPEC_H10
001ed4c4 00000064 r CSWTCH.106
001ed528 00000042 r base64encdec
001ed56c 00000018 r error_encoding
001ed584 00000010 r encodings
001ed594 00000018 r identity_encoding
001ed5ac 00000018 r gzip_encoding
001ed5c4 00000018 r deflate_encoding
001ed5dc 00000020 r badoctets.0
001ed5fc 00000015 r s_infotype.0
001ed614 00000050 R Curl_handler_dict
001ed664 00000037 r hextable
001ed69c 00000050 R Curl_handler_file
001ed6ec 0000000a r mode.0
001ed6f8 0000000a r mode.1
001ed704 00000008 r ftpauth.2
001ed70c 00000050 R Curl_handler_ftps
001ed75c 00000050 R Curl_handler_ftp
001ed7ac 00000050 R Curl_handler_gophers
001ed7fc 00000050 R Curl_handler_gopher
001ed84c 0000000c r CSWTCH.208
001ed858 0000000c r CSWTCH.207
001ed864 00000050 R Curl_handler_https
001ed8b4 00000050 R Curl_handler_http
001ed904 00000018 r CSWTCH.4
001ed91c 00000024 r saslimap
001ed940 00000050 R Curl_handler_imaps
001ed990 00000050 R Curl_handler_imap
001ed9e0 00000014 R Curl_DIGEST_MD5
001ed9f4 00000018 R Curl_HMAC_MD5
001eda0c 00000050 R Curl_handler_mqtt
001eda5c 00000024 r saslpop3
001eda80 00000050 R Curl_handler_pop3s
001edad0 00000050 R Curl_handler_pop3
001edb20 00000050 R Curl_handler_rtsp
001edb70 00000018 R Curl_HMAC_SHA256
001edb88 00000050 R Curl_handler_smbs
001edbd8 00000050 R Curl_handler_smb
001edc28 00000024 r saslsmtp
001edc4c 00000050 R Curl_handler_smtps
001edc9c 00000050 R Curl_handler_smtp
001edcec 00000009 r lookup.0
001edcf8 0000007c r CSWTCH.7
001edd74 00000190 r CSWTCH.1
001edf04 00000050 R Curl_handler_telnet
001edf54 00000050 r telnetcmds
001edfa4 000000a0 r telnetoptions
001ee044 00000050 R Curl_handler_tftp
001ee094 00000074 R Curl_ssl_mbedtls
001ee108 00000010 r mbedtls_x509_crt_profile_fr
001ee118 00000008 r magic.0
001ee120 00000090 r mechtable
001ee1b0 00000038 r errors
001ee1e8 00000001 r hmac_opad
001ee1e9 00000001 r hmac_ipad
001ee1f4 00001280 r ciphersuite_definitions
001ef474 00000340 r ciphersuite_preference
001ef7e0 00000010 r CSWTCH.83
001ef7f0 00000003 r ssl_preset_suiteb_curves
001ef7f4 0000000c r ssl_preset_suiteb_hashes
001ef800 0000000c r ssl_preset_suiteb_ciphersuites
001ef80c 00000014 r ssl_preset_default_hashes
001ef8f0 00000010 R mbedtls_x509_crt_profile_suiteb
001ef900 00000010 R mbedtls_x509_crt_profile_default
001ef914 000002a0 r small_prime
001efbc4 000001b8 R mbedtls_cipher_definitions
001efd7c 0000001c r chachapoly_info
001efd98 00000030 r chachapoly_base_info
001efdc8 0000001c r chacha20_info
001efde4 00000030 r chacha20_base_info
001efe14 0000001c r arc4_128_info
001efe30 00000030 r arc4_base_info
001efe60 0000001c r blowfish_ctr_info
001efe7c 0000001c r blowfish_cfb64_info
001efe98 0000001c r blowfish_cbc_info
001efeb4 0000001c r blowfish_ecb_info
001efed0 00000030 r blowfish_info
001eff00 0000001c r des_ede3_cbc_info
001eff1c 0000001c r des_ede3_ecb_info
001eff38 00000030 r des_ede3_info
001eff68 0000001c r des_ede_cbc_info
001eff84 0000001c r des_ede_ecb_info
001effa0 00000030 r des_ede_info
001effd0 0000001c r des_cbc_info
001effec 0000001c r des_ecb_info
001f0008 00000030 r des_info
001f0038 0000001c r camellia_256_ccm_info
001f0054 0000001c r camellia_192_ccm_info
001f0070 0000001c r camellia_128_ccm_info
001f008c 00000030 r ccm_camellia_info
001f00bc 0000001c r camellia_256_gcm_info
001f00d8 0000001c r camellia_192_gcm_info
001f00f4 0000001c r camellia_128_gcm_info
001f0110 00000030 r gcm_camellia_info
001f0140 0000001c r camellia_256_ctr_info
001f015c 0000001c r camellia_192_ctr_info
001f0178 0000001c r camellia_128_ctr_info
001f0194 0000001c r camellia_256_cfb128_info
001f01b0 0000001c r camellia_192_cfb128_info
001f01cc 0000001c r camellia_128_cfb128_info
001f01e8 0000001c r camellia_256_cbc_info
001f0204 0000001c r camellia_192_cbc_info
001f0220 0000001c r camellia_128_cbc_info
001f023c 0000001c r camellia_256_ecb_info
001f0258 0000001c r camellia_192_ecb_info
001f0274 0000001c r camellia_128_ecb_info
001f0290 00000030 r camellia_info
001f02c0 0000001c r aes_256_ccm_info
001f02dc 0000001c r aes_192_ccm_info
001f02f8 0000001c r aes_128_ccm_info
001f0314 00000030 r ccm_aes_info
001f0344 0000001c r aes_256_gcm_info
001f0360 0000001c r aes_192_gcm_info
001f037c 0000001c r aes_128_gcm_info
001f0398 00000030 r gcm_aes_info
001f03c8 0000001c r aes_256_xts_info
001f03e4 0000001c r aes_128_xts_info
001f0400 00000030 r xts_aes_info
001f0430 0000001c r aes_256_ctr_info
001f044c 0000001c r aes_192_ctr_info
001f0468 0000001c r aes_128_ctr_info
001f0484 0000001c r aes_256_ofb_info
001f04a0 0000001c r aes_192_ofb_info
001f04bc 0000001c r aes_128_ofb_info
001f04d8 0000001c r aes_256_cfb128_info
001f04f4 0000001c r aes_192_cfb128_info
001f0510 0000001c r aes_128_cfb128_info
001f052c 0000001c r aes_256_cbc_info
001f0548 0000001c r aes_192_cbc_info
001f0564 0000001c r aes_128_cbc_info
001f0580 0000001c r aes_256_ecb_info
001f059c 0000001c r aes_192_ecb_info
001f05b8 0000001c r aes_128_ecb_info
001f05d4 00000030 r aes_info
001f0604 00000080 r odd_parity_table
001f0684 00000040 r RHs
001f06c4 00000040 r LHs
001f0704 00000100 r SB8
001f0804 00000100 r SB7
001f0904 00000100 r SB6
001f0a04 00000100 r SB5
001f0b04 00000100 r SB4
001f0c04 00000100 r SB3
001f0d04 00000100 r SB2
001f0e04 00000100 r SB1
001f0f04 0000000c r ecp_x25519_bad_point_2
001f0f10 0000000c r ecp_x25519_bad_point_1
001f0f1c 00000020 r x25519_bad_point_2
001f0f3c 00000020 r x25519_bad_point_1
001f0f5c 000000a8 r ecp_supported_curves
001f1020 00000004 r one.0
001f1024 00000008 r Rp.1
001f102c 00000008 r Rp.2
001f1034 00000008 r Rp.3
001f103c 0000001c r curve448_part_of_n
001f1058 00000010 r curve25519_part_of_n
001f1068 00000040 r brainpoolP512r1_n
001f10a8 00000040 r brainpoolP512r1_gy
001f10e8 00000040 r brainpoolP512r1_gx
001f1128 00000040 r brainpoolP512r1_b
001f1168 00000040 r brainpoolP512r1_a
001f11a8 00000040 r brainpoolP512r1_p
001f11e8 00000030 r brainpoolP384r1_n
001f1218 00000030 r brainpoolP384r1_gy
001f1248 00000030 r brainpoolP384r1_gx
001f1278 00000030 r brainpoolP384r1_b
001f12a8 00000030 r brainpoolP384r1_a
001f12d8 00000030 r brainpoolP384r1_p
001f1308 00000020 r brainpoolP256r1_n
001f1328 00000020 r brainpoolP256r1_gy
001f1348 00000020 r brainpoolP256r1_gx
001f1368 00000020 r brainpoolP256r1_b
001f1388 00000020 r brainpoolP256r1_a
001f13a8 00000020 r brainpoolP256r1_p
001f13c8 00000020 r secp256k1_n
001f13e8 00000020 r secp256k1_gy
001f1408 00000020 r secp256k1_gx
001f1428 00000004 r secp256k1_b
001f142c 00000004 r secp256k1_a
001f1430 00000020 r secp256k1_p
001f1450 00000020 r secp224k1_n
001f1470 0000001c r secp224k1_gy
001f148c 0000001c r secp224k1_gx
001f14a8 00000004 r secp224k1_b
001f14ac 00000004 r secp224k1_a
001f14b0 0000001c r secp224k1_p
001f14cc 00000018 r secp192k1_n
001f14e4 00000018 r secp192k1_gy
001f14fc 00000018 r secp192k1_gx
001f1514 00000004 r secp192k1_b
001f1518 00000004 r secp192k1_a
001f151c 00000018 r secp192k1_p
001f1534 00000044 r secp521r1_n
001f1578 00000044 r secp521r1_gy
001f15bc 00000044 r secp521r1_gx
001f1600 00000044 r secp521r1_b
001f1644 00000044 r secp521r1_p
001f1688 00000030 r secp384r1_n
001f16b8 00000030 r secp384r1_gy
001f16e8 00000030 r secp384r1_gx
001f1718 00000030 r secp384r1_b
001f1748 00000030 r secp384r1_p
001f1778 00000020 r secp256r1_n
001f1798 00000020 r secp256r1_gy
001f17b8 00000020 r secp256r1_gx
001f17d8 00000020 r secp256r1_b
001f17f8 00000020 r secp256r1_p
001f1818 0000001c r secp224r1_n
001f1834 0000001c r secp224r1_gy
001f1850 0000001c r secp224r1_gx
001f186c 0000001c r secp224r1_b
001f1888 00000020 r secp224r1_p
001f18a8 00000018 r secp192r1_n
001f18c0 00000018 r secp192r1_gy
001f18d8 00000018 r secp192r1_gx
001f18f0 00000018 r secp192r1_b
001f1908 00000018 r secp192r1_p
001f1a18 00000080 r last4
001f1acc 0000001c r CSWTCH.2
001f1ae8 00000020 r supported_digests
001f1b08 00000008 R mbedtls_sha512_info
001f1b10 00000008 R mbedtls_sha384_info
001f1b18 00000008 R mbedtls_sha256_info
001f1b20 00000008 R mbedtls_sha224_info
001f1b28 00000008 R mbedtls_sha1_info
001f1b30 00000008 R mbedtls_ripemd160_info
001f1b38 00000008 R mbedtls_md5_info
001f1b40 0000003c r oid_pkcs12_pbe_alg
001f1b7c 00000078 r oid_md_hmac
001f1bf4 000000a0 r oid_md_alg
001f1c94 0000003c r oid_cipher_alg
001f1cd0 000000f0 r oid_ecp_grp
001f1dc0 00000050 r oid_pk_alg
001f1e10 00000118 r oid_sig_alg
001f1f28 00000080 r oid_ext_key_usage
001f1fa8 0000008c r oid_x509_ext
001f2034 00000190 r oid_x520_attr_type
001f21c4 00000010 r CSWTCH.6
001f21d4 00000030 R mbedtls_ecdsa_info
001f2204 00000030 R mbedtls_eckeydh_info
001f2234 00000030 R mbedtls_eckey_info
001f2264 00000030 R mbedtls_rsa_info
001f2294 00000004 r memset_func
001f2298 00000040 r ripemd160_padding
001f22d8 00000100 r K
001f23d8 00000280 r K
001f2658 00001000 r S
001f3658 00000048 r P
001f36a0 00000028 r transposes
001f36c8 000000a0 r indexes
001f3768 00000020 r shifts
001f3788 00000100 r FSb4
001f3888 00000100 r FSb3
001f3988 00000100 r FSb2
001f3a88 00000100 r FSb
001f3b88 00000030 r SIGMA_CHARS
001f3bf8 00000080 r distfix.0
001f3c78 00000800 r lenfix.1
001f4478 00000026 r order.2
001f44a0 00000040 r dext.0
001f44e0 00000040 r dbase.1
001f4520 0000003e r lext.2
001f4560 0000003e r lbase.3
001f45a0 00001000 r crc_braid_table
001f55a0 00000400 r crc_table
001f59a0 00000080 r romFS_devoptab
001f5a2c 00000011 r dsp_filename.0
001f5a5c 00000008 r morton_y.2
001f5a64 00000008 r morton_x.3
001f5a6c 00000008 r s_sleepWakeEvents.4
001f5a74 0000000c r serviceNameTable.5
001f5a80 0000004d r _net_error_code_map
001f5ad0 00000030 r error_table
001f5b00 00000080 r archive_devoptab
001f5cd4 00000022 r basefix.0
001f5d58 00000014 r fpinan.0
001f5d6c 00000014 r fpi.1
001f5d80 00000028 r tinytens
001f5da8 00000100 R __hexdig
001f5f28 00000022 r basefix.0
001f6034 00000010 r zeroes.0
001f6044 00000010 r blanks.1
001f6140 00000010 r zeroes.0
001f6150 00000010 r blanks.1
001f6160 00000101 R _ctype_
001f6310 0000000c r p05.0
001f6320 00000028 R __mprec_bigtens
001f6348 000000c8 R __mprec_tens
001f64fc 00000010 r zeroes.0
001f650c 00000010 r blanks.1
001f6608 00000010 r zeroes.0
001f6618 00000010 r blanks.1
001f6628 0000006c R __action_table
001f6694 0000006c R __state_table
001f6700 00000100 R __chclass
001f6898 000000fc R _C_time_locale
001f6994 000037f8 r categories
001fa18c 00000060 R __month_lengths
001fa1ec 00000080 R dotab_stdnull
001fa26c R __tdata_align
001fa270 r __EH_FRAME_BEGIN__
001fa270 R __exidx_end
001fa270 R __exidx_start
001fb000 00000004 d s_volume
001fb004 00000008 d framerateCounter
001fb00c 00000004 d framerate
001fb010 00000004 D Curl_ccalloc
001fb014 00000004 D Curl_cstrdup
001fb018 00000004 D Curl_crealloc
001fb01c 00000004 D Curl_cfree
001fb020 00000004 D Curl_cmalloc
001fb024 0000003c D Curl_cft_ssl_proxy
001fb060 0000003c D Curl_cft_ssl
001fb09c 00000008 d available_backends
001fb0a4 00000004 D Curl_ssl
001fb0a8 0000003c D Curl_cft_setup
001fb0e4 0000003c D Curl_cft_happy_eyeballs
001fb120 0000003c D Curl_cft_http_proxy
001fb15c 0000003c D Curl_cft_socks_proxy
001fb198 0000003c D Curl_cft_h1_proxy
001fb1d4 0000003c D Curl_cft_haproxy
001fb210 0000003c D Curl_cft_http_connect
001fb24c 0000003c D Curl_cft_tcp_accept
001fb288 0000003c D Curl_cft_unix
001fb2c4 0000003c D Curl_cft_udp
001fb300 0000003c D Curl_cft_tcp
001fb33c 00000004 d queueLock
001fb340 00000004 d aptChainloadDeliverArgSize
001fb344 00000004 d kCount
001fb348 00000004 d kInterval
001fb34c 00000004 d kDelay
001fb350 00000080 d soc_devoptab
001fb3d0 W __stacksize__
001fb3d4 00000004 D _impure_ptr
001fb3d8 00000200 D _impure_data
001fb5d8 00000254 D __global_locale
001fb82c 00000004 D __malloc_sbrk_base
001fb830 00000004 D __malloc_trim_threshold
001fb838 00000408 D __malloc_av_
001fbc40 0000000c D __sglue
001fbc4c 00000008 D _tzname
001fbc54 00000004 D environ
001fbc58 00000058 d tzinfo
001fbcb0 00000400 d _current_working_directory
001fc0b0 00001000 d handles
001fd0b0 0000000c d __stderr_handle
001fd0bc 0000000c d __stdout_handle
001fd0c8 0000000c d __stdin_handle
001fd0d4 0000008c D devoptab_list
001fd160 00000004 d defaultDevice
001fd16c d _GLOBAL_OFFSET_TABLE_
001fd178 d __frame_dummy_init_array_entry
001fd178 D __init_array_start
001fd178 B __preinit_array_end
001fd178 B __preinit_array_start
001fd178 D __tdata_lma
001fd178 D __tdata_lma_end
001fd17c d __do_global_dtors_aux_fini_array_entry
001fd17c D __fini_array_start
001fd17c D __init_array_end
001fd180 D __bss_start__
001fd180 D __fini_array_end
001fd180 00000304 b g_cfg
001fd484 00000200 b g_base_url
001fd684 00000001 b s_stop_req
001fd688 00000004 b s_ctx_lock
001fd68c 00000004 b s_ctx
001fd690 00000008 b s_exit_event
001fd698 00000004 b s_thread_stack
001fd69c 00000004 b s_thread
001fd6a0 00000001 b s_playing
001fd6a1 00000001 b s_paused
001fd6a4 00000400 b s_url
001fdaa4 00000030 b s_wave_bufs
001fdad4 00000004 b s_pcm_buf
001fdad8 00000004 b s_file
001fdae0 00000008 b s_offset
001fdae8 00000004 b s_log_lock
001fe000 0000000c b s_apt_cookie
001ff000 00100000 b soc_buf
002ff000 00000004 b s_cache_count
002ff004 00000020 b s_fonts
002ff024 00000004 b s_tbuf
002ff028 00000004 b s_font_count
002ff02c 00000fa0 b names.2
002fffcc 00000004 b last_held.1
002fffd0 00000004 b repeat_timer.0
002fffd4 0000a400 b s_text_cache
0030a3d8 000005a8 B __C2Di_Context
0030a980 00000040 b s_projTop
0030a9c0 00000040 b s_projBot
0030aa00 00000004 b uLoc_mdlvMtx
0030aa04 00000004 b uLoc_projMtx
0030aa08 00000004 b s_glyphSheets
0030aa0c 00000004 b s_textScale
0030aa10 b completed.1
0030aa14 b object.0
0030aa2c 0000000c b hookCookie
0030aa38 000002d0 B __C3D_Context
0030ad08 00000004 b frameEndCbData
0030ad0c 00000004 b frameEndCb
0030ad10 00000008 b frameCounter
0030ad18 00000001 b isTopStereo
0030ad19 00000001 b needSwapBot
0030ad1a 00000001 b needSwapTop
0030ad1b 00000001 b measureGpuTime
0030ad1c 00000001 b inSafeTransfer
0030ad1d 00000001 b inFrame
0030ad20 00000010 b cpuTime
0030ad30 00000010 b gpuTime
0030ad40 0000000c b linkedTarget
0030ad4c 00000004 b lastTarget
0030ad50 00000004 b firstTarget
0030ad54 00000008 b C3Di_IVUnifEverDirty
0030ad5c 000000c0 b C3Di_FVUnifEverDirty
0030ae1c 00000018 b C3Di_ShaderFVecData
0030ae34 00000002 B C3D_BoolUnifsDirty
0030ae38 00000008 B C3D_IVUnifDirty
0030ae40 000000c0 B C3D_FVUnifDirty
0030af00 00000004 B C3D_BoolUnifs
0030af04 00000020 B C3D_IVUnif
0030af24 00000c00 B C3D_FVUnif
0030bb24 00000004 b s_lock
0030bb28 00000004 b initialized
0030bb2c 00000004 b randseed.0
0030bb30 00000001 b seeded.1
0030bb34 00000004 b backends_len.0
0030bb38 000000c8 b backends.1
0030bc00 00000004 b selected.2
0030bc04 00000001 b init_ssl
0030bc08 00000004 b supported_init
0030bc0c 00000250 b supported_ciphersuites
0030be5c 00000004 b debug_threshold
0030be60 00000004 b init_done.0
0030be64 0000000e b ecp_supported_grp_id
0030be74 00000004 b aes_init_done
0030be78 00000028 b round_constants
0030bea0 00000400 b RT3
0030c2a0 00000400 b RT2
0030c6a0 00000400 b RT1
0030caa0 00000400 b RT0
0030cea0 00000100 b RSb
0030cfa0 00000400 b FT3
0030d3a0 00000400 b FT2
0030d7a0 00000400 b FT1
0030dba0 00000400 b FT0
0030dfa0 00000100 b FSb
0030e0a0 00000008 b sLinearPool
0030e0a8 0000000c b sAddrMap
0030e0b8 00000008 b sVramPoolB
0030e0c0 00000008 b sVramPoolA
0030e0c8 0000000c b sAddrMap
0030e0d4 00000004 b sharedFontAddr
0030e0d8 00000004 B g_sharedFont
0030e0dc 00000004 b screenAlloc
0030e0e0 00000004 b screenFree
0030e0e4 00000002 b gfxIsDoubleBuf
0030e0e8 00000002 b gfxCurBuf
0030e0ea 00000001 b gfxIsVram
0030e0eb 00000001 b gfxTopMode
0030e0ec 00000002 b gfxFramebufferFormats
0030e0f0 00000004 b gfxBottomFramebufferMaxSize
0030e0f4 00000004 b gfxTopFramebufferMaxSize
0030e0f8 00000008 b gfxBottomFramebuffers
0030e100 00000008 b gfxTopFramebuffers
0030e108 00000001 V __ctru_speedup
0030e10c 00000004 b romfs_mount_list
0030e110 00000004 V __romfs_path
0030e114 00000004 b arbiter
0030e118 00000004 B gpuCmdBufOffset
0030e11c 00000004 B gpuCmdBufSize
0030e120 00000004 B gpuCmdBuf
0030e124 00000004 b boundQueue
0030e128 00000001 b shouldStop
0030e129 00000001 b isRunning
0030e12a 00000001 b isActive
0030e12c 00000004 b curQueue
0030e130 00000004 b ndspRefCount
0030e134 00000048 b ndspMaster
0030e17c 00000004 b ndspThread
0030e180 00000001 b ndspThreadRun
0030e184 00001080 b dspVar5Backup
0030f204 00000004 b ndspMutex
0030f208 00000008 b sleepEvent
0030f210 00000004 b dspSem
0030f214 00000004 b irqEvent
0030f218 00000008 b ndspHookCookie
0030f220 00000001 b componentFree
0030f222 00000002 b componentDataMask
0030f224 00000002 b componentProgMask
0030f228 00000004 b componentSize
0030f22c 00000004 b componentBin
0030f230 00000004 b frameCount
0030f234 00000004 b droppedFrames
0030f238 00000001 b bCancelReceived
0030f239 00000001 b bSleeping
0030f23a 00000001 b bEnteringSleep
0030f23b 00000001 b bDspReady
0030f23c 00000080 B ndspVars
0030f2bc 00000002 B ndspBufferId
0030f2be 00000002 B ndspBufferCurId
0030f2c0 00000002 B ndspFrameId
0030f2c8 00000c60 b ndspChn
0030ff28 00000001 b flagValue.0
0030ff29 00000001 b flagInit.1
0030ff2c 00000004 b serviceName.6
0030ff30 00000001 b aptChainloadFlags
0030ff31 00000001 b aptChainloadMediatype
0030ff34 00000020 b aptChainloadHmac
0030ff54 00000300 b aptChainloadDeliverArg
00310258 00000008 b aptChainloadTid
00310260 00001000 b aptParameters
00311260 00000004 b aptFlags
00311264 00000001 b aptHomeButtonState
00311268 00000004 b aptMessageFuncData
0031126c 00000004 b aptMessageFunc
00311270 0000000c b aptFirstHook
0031127c 00000001 b aptEventHandlerThreadQuit
00311280 00000004 b aptEventHandlerThread
00311284 00000008 b aptSleepEvent
0031128c 00000008 b aptReceiveEvent
00311294 00000008 b aptEvents
0031129c 00000004 b aptLockHandle
003112a0 00000004 b aptRefCount
003112a4 00000004 b cfguRefCount
003112a8 00000004 b cfguHandle
003112ac 00000002 b dspSavedCompDataMask
003112ae 00000002 b dspSavedCompProgMask
003112b0 00000004 b dspSavedCompSize
003112b4 00000004 b dspSavedCompBin
003112b8 00000001 b dspSleeping
003112b9 00000001 b dspComponentLoaded
003112bc 00000008 b dspFirstHook
003112c4 00000004 b dspRefCount
003112c8 00000004 b dspHandle
003112d0 00000080 b fsExemptArchives
00311350 00000004 b fsuRefCount
00311354 00000004 b fsuHandle
00311358 00000007 b gspEventCbOneShot
00311360 0000001c b gspEventCbData
0031137c 0000001c b gspEventCb
00311398 00000038 b gspEvents
003113d0 00000004 b gspLastEvent
003113d4 00000001 b gspRunEvents
003113d8 00000004 b gspEventThread
003113dc 00000004 b gspEvent
003113e0 00000001 b gspGpuRight
003113e1 00000001 b gspThreadId
003113e4 00000004 b gspSharedMem
003113e8 00000004 b gspSharedMemHandle
003113ec 00000004 b gspRefCount
003113f0 00000004 b gspGpuHandle
003113f4 00000001 b usingIrrst
003113f8 00000004 b hidRefCount
003113fc 00000006 b gRate
00311404 00000006 b aVec
0031140c 00000004 b cPos
00311410 00000004 b tPos
00311414 00000004 b kRepeat
00311418 00000004 b kUp
0031141c 00000004 b kDown
00311420 00000004 b kHeld
00311424 00000004 b kOld
00311428 00000004 B hidSharedMem
0031142c 00000014 B hidEvents
00311440 00000004 B hidMemHandle
00311444 00000004 B hidHandle
00311448 00000004 b __httpc_sharedmem_handle
0031144c 00000004 b __httpc_sharedmem_size
00311450 00000004 B __httpc_sharedmem_addr
00311454 00000004 b __httpc_refcount
00311458 00000004 B __httpc_servhandle
0031145c 00000004 b irrstRefCount
00311460 00000004 b csPos
00311464 00000004 b kHeld
00311468 00000004 B irrstSharedMem
0031146c 00000004 B irrstEvent
00311470 00000004 B irrstMemHandle
00311474 00000004 B irrstHandle
00311478 00000004 b ptmSysmRefCount
0031147c 00000004 b ptmSysmHandle
00311480 00000004 B __sslc_servhandle
00311484 00000004 B socMemhandle
00311488 00000004 B SOCU_handle
0031148c 00000004 V __ctru_linear_heap_size
00311490 00000004 V __ctru_heap_size
00311494 00000004 B __ctru_linear_heap
00311498 00000004 B __ctru_heap
0031149c 00000004 B __system_retAddr
003114a0 00000004 B __system_argv
003114a4 00000004 B __system_argc
003114a8 b saved_stack
003114b0 00000004 B __3dslink_host
003114b4 00000004 b srvRefCount
003114b8 00000004 b srvHandle
003114bc 00000004 b currentAddr
003114c0 00000004 b maxAddr
003114c4 00000004 b minAddr
003114c8 00000004 b srvPmHandle
003114d0 000005c0 b archive_devices
00311a90 00000004 b archive_device_cwd
00311a94 00000001 b archive_initialized
00311a98 00000028 B __malloc_current_mallinfo
00311ac0 00000004 B __malloc_max_total_mem
00311ac4 00000004 B __malloc_max_sbrked_mem
00311ac8 00000004 B __malloc_top_pad
00311acc 0000000c b __sfp_recursive_mutex
00311ad8 00000168 B __sf
00311c40 00000004 B __stdio_exit_handler
00311c44 0000000c b __malloc_recursive_mutex
00311c50 0000000c b __env_recursive_mutex
00311c5c 00000004 B _timezone
00311c60 00000004 B _daylight
00311c64 00000004 b __tz_mutex
00311c68 00000004 b initial_env
00311c6c 00000004 b prev_tzenv
00311c70 0000000c b __tzname_dst
00311c7c 0000000c b __tzname_std
00311c88 00000400 b temp_cwd
00312088 00000004 b __hndl_lock
0031208c 00000004 B fake_heap_start
00312090 00000004 B fake_heap_end
00312094 00000004 b heap_start.0
00312098 B __tls_start
00312ca0 B __bss_end__
00312ca0 A __end__
00312ca0 B __tls_end
